<?xml version = '1.0' encoding = 'UTF-8'?>
<FKArc class="oracle.dbtools.crest.model.design.relational.FKArc" directorySegmentName="seg_0" id="E920644D-58B7-8197-6A66-C8ECC71E3472" name="FK_CUSTOMER_SUBTYPES">
<createdBy>HP</createdBy>
<createdTime>2019-04-25 02:11:30 UTC</createdTime>
<ownerDesignName>monashDrones 4.0</ownerDesignName>
<mandatory>false</mandatory>
<reverseArc>true</reverseArc>
<table>81BE2827-FF08-C2C3-0200-F5976EC4D89B</table>
<discriminatorColumn>9491E0BB-B31B-4C6A-3397-E083FD528044</discriminatorColumn>
<fkeys>
<fkeyID>4BAC0B37-7FE7-680D-0532-0E413C6209B1</fkeyID>
<fkeyID>FE959DC4-6D39-CDB3-0584-3539220CFEE0</fkeyID>
</fkeys>
</FKArc>