<?xml version = '1.0' encoding = 'UTF-8'?>
<Diagram class="oracle.dbtools.crest.swingui.relational.DPVRelational" name="Relational_2" id="940BCCC8-4C8C-DC16-6B5A-86982ECC0674">
<createdBy>Anisha, Nayanatara</createdBy>
<modifiedBy>Anisha, Nayanatara</modifiedBy>
<createdTime>2019-04-25 02:11:09 UTC</createdTime>
<autoRoute>false</autoRoute>
<boxInbox>true</boxInbox>
<showLegend>true</showLegend>
<showLabels>false</showLabels>
<showRelAttributes>false</showRelAttributes>
<gridEnabled>false</gridEnabled>
<showGrid>false</showGrid>
<diagramColor>-1</diagramColor>
<legendPosX>0</legendPosX>
<legendPosY>79</legendPosY>
<display>false</display>
<notation>1</notation>
<objectViews>
<OView class="oracle.dbtools.crest.swingui.relational.TVTable" oid="00C87103-823F-0D72-6397-C33B16649138" otype="Table" vid="C92F8EF8-201C-FFD5-6E9F-82E90DBF7114">
<hideElementsInCurrentOnly>false</hideElementsInCurrentOnly>
<bounds x="1177" y="513" width="276" height="151"/>
</OView>
<OView class="oracle.dbtools.crest.swingui.relational.TVTable" oid="0C0D4D44-F2E1-AB16-07C1-1BFB26571CBB" otype="Table" vid="0E540FE0-A6C0-9289-FDCD-B07B55D90D37">
<hideElementsInCurrentOnly>false</hideElementsInCurrentOnly>
<bounds x="969" y="369" width="220" height="109"/>
</OView>
<OView class="oracle.dbtools.crest.swingui.relational.TVTable" oid="1948B581-756E-7817-AB8A-9002818C65AB" otype="Table" vid="A15CA23B-39C5-040D-62CE-660474245753">
<hideElementsInCurrentOnly>false</hideElementsInCurrentOnly>
<bounds x="979" y="212" width="243" height="109"/>
</OView>
<OView class="oracle.dbtools.crest.swingui.TVLegend" oid="5431D5B4-B8F3-0AE7-25AE-36C2D106F103" otype="Legend" vid="ADD43003-DAA4-3987-6015-29347227557A">
<hideElementsInCurrentOnly>false</hideElementsInCurrentOnly>
<bounds x="0" y="79" width="257" height="135"/>
</OView>
<OView class="oracle.dbtools.crest.swingui.relational.TVTable" oid="7D97ACCE-024F-D09C-9A41-D0A681C3AC22" otype="Table" vid="5AEDD599-6B26-3B65-918D-EB38BEDCFEE0">
<hideElementsInCurrentOnly>false</hideElementsInCurrentOnly>
<bounds x="29" y="445" width="216" height="116"/>
</OView>
<OView class="oracle.dbtools.crest.swingui.relational.TVTable" oid="81BE2827-FF08-C2C3-0200-F5976EC4D89B" otype="Table" vid="67770F87-05FB-2299-87E5-F801B172767A">
<hideElementsInCurrentOnly>false</hideElementsInCurrentOnly>
<bounds x="479" y="806" width="220" height="117"/>
</OView>
<OView class="oracle.dbtools.crest.swingui.relational.TVTable" oid="8278FC4D-EC86-7374-05CB-9A6AB10EF712" otype="Table" vid="90272D2A-3459-3467-B701-9536354DAEFB">
<hideElementsInCurrentOnly>false</hideElementsInCurrentOnly>
<bounds x="979" y="739" width="222" height="123"/>
</OView>
<OView class="oracle.dbtools.crest.swingui.relational.TVTable" oid="858E46BF-7E0F-98AC-E0B7-2CE820D47335" otype="Table" vid="2541C3F5-84B3-54B4-289D-6EDEA5E93B9C">
<hideElementsInCurrentOnly>false</hideElementsInCurrentOnly>
<bounds x="608" y="950" width="214" height="109"/>
</OView>
<OView class="oracle.dbtools.crest.swingui.relational.TVTable" oid="8710C3C4-C5F3-3F66-DFEB-B91960A1BD86" otype="Table" vid="61787836-6427-5BBD-2E88-C2F985DD2D0A">
<hideElementsInCurrentOnly>false</hideElementsInCurrentOnly>
<bounds x="367" y="956" width="219" height="109"/>
</OView>
<OView class="oracle.dbtools.crest.swingui.relational.TVTable" oid="9C6E57D9-1C07-D1A1-5720-437837C0E75A" otype="Table" vid="BEB7866E-CD68-063B-91B7-0A8D9A7EF3D1">
<hideElementsInCurrentOnly>false</hideElementsInCurrentOnly>
<bounds x="977" y="70" width="244" height="109"/>
</OView>
<OView class="oracle.dbtools.crest.swingui.relational.TVTable" oid="9ED83B58-47CD-8833-586B-F46FA0508268" otype="Table" vid="0865FC19-7DCF-CFD6-9DBE-649E8DE56993">
<hideElementsInCurrentOnly>false</hideElementsInCurrentOnly>
<bounds x="558" y="103" width="246" height="179"/>
</OView>
<OView class="oracle.dbtools.crest.swingui.relational.TVTable" oid="D9BCC769-9113-34FB-9C7F-06DF3518A460" otype="Table" vid="C2B486DD-0ACD-38C3-0EE8-E87A7020F34A">
<hideElementsInCurrentOnly>false</hideElementsInCurrentOnly>
<bounds x="1430" y="868" width="214" height="123"/>
</OView>
<OView class="oracle.dbtools.crest.swingui.relational.TVTable" oid="FAB06112-8C91-EE51-F020-D860E129E8DD" otype="Table" vid="EC5A5243-09D0-3450-175B-990E60AA5DC4">
<hideElementsInCurrentOnly>false</hideElementsInCurrentOnly>
<bounds x="19" y="255" width="196" height="104"/>
</OView>
<OView class="oracle.dbtools.crest.swingui.relational.TVTable" oid="FAE396DF-27D1-AA30-C022-5DE80428BE39" otype="Table" vid="3F7B012F-121F-78A9-D8F9-013FF30E18B5">
<hideElementsInCurrentOnly>false</hideElementsInCurrentOnly>
<bounds x="483" y="435" width="312" height="207"/>
</OView>
<OView class="oracle.dbtools.crest.swingui.relational.TVTable" oid="FCD640A0-F222-98A5-BDF1-411CB188D75F" otype="Table" vid="0ECAAE69-82B6-FC99-87A9-0A1DDCF454E6">
<hideElementsInCurrentOnly>false</hideElementsInCurrentOnly>
<bounds x="1459" y="69" width="212" height="109"/>
</OView>
</objectViews>
<connectors>
<Connector class="oracle.dbtools.crest.swingui.relational.TVFKRelation" oid="1A4B9A70-8DEC-1DA0-9D80-C316AA0EEDB6" otype="FKIndexAssociation" vid_source="90272D2A-3459-3467-B701-9536354DAEFB" vid_target="0E540FE0-A6C0-9289-FDCD-B07B55D90D37">
<hideElementsInCurrentOnly>false</hideElementsInCurrentOnly>
<backgroundColor>-16777216</backgroundColor>
<lineWidth>1</lineWidth>
<points>
<point x="1084" y="739"/>
<point x="1084" y="478"/>
</points>
</Connector>
<Connector class="oracle.dbtools.crest.swingui.relational.TVFKRelation" oid="281C3650-39C9-954A-67BC-09AD04B7091B" otype="FKIndexAssociation" vid_source="0865FC19-7DCF-CFD6-9DBE-649E8DE56993" vid_target="BEB7866E-CD68-063B-91B7-0A8D9A7EF3D1">
<hideElementsInCurrentOnly>false</hideElementsInCurrentOnly>
<backgroundColor>-16777216</backgroundColor>
<lineWidth>1</lineWidth>
<points>
<point x="804" y="141"/>
<point x="977" y="141"/>
</points>
</Connector>
<Connector class="oracle.dbtools.crest.swingui.relational.TVFKRelation" oid="29FFFEE2-A023-CDA7-4D3A-3C739668CDC6" otype="FKIndexAssociation" vid_source="A15CA23B-39C5-040D-62CE-660474245753" vid_target="0E540FE0-A6C0-9289-FDCD-B07B55D90D37">
<hideElementsInCurrentOnly>false</hideElementsInCurrentOnly>
<backgroundColor>-16777216</backgroundColor>
<lineWidth>1</lineWidth>
<points>
<point x="1084" y="321"/>
<point x="1084" y="369"/>
</points>
</Connector>
<Connector class="oracle.dbtools.crest.swingui.relational.TVFKRelation" oid="4BAC0B37-7FE7-680D-0532-0E413C6209B1" otype="FKIndexAssociation" vid_source="67770F87-05FB-2299-87E5-F801B172767A" vid_target="61787836-6427-5BBD-2E88-C2F985DD2D0A">
<hideElementsInCurrentOnly>false</hideElementsInCurrentOnly>
<backgroundColor>-16777216</backgroundColor>
<lineWidth>1</lineWidth>
<points>
<point x="532" y="923"/>
<point x="532" y="956"/>
</points>
</Connector>
<Connector class="oracle.dbtools.crest.swingui.relational.TVFKRelation" oid="52DB7058-CE9B-46EC-B40D-D8493501D007" otype="FKIndexAssociation" vid_source="C2B486DD-0ACD-38C3-0EE8-E87A7020F34A" vid_target="0ECAAE69-82B6-FC99-87A9-0A1DDCF454E6">
<hideElementsInCurrentOnly>false</hideElementsInCurrentOnly>
<backgroundColor>-16777216</backgroundColor>
<lineWidth>1</lineWidth>
<points>
<point x="1551" y="868"/>
<point x="1551" y="178"/>
</points>
</Connector>
<Connector class="oracle.dbtools.crest.swingui.relational.TVFKRelation" oid="63374A4E-258F-B7AE-4CDE-74E5F37C5E7A" otype="FKIndexAssociation" vid_source="EC5A5243-09D0-3450-175B-990E60AA5DC4" vid_target="0865FC19-7DCF-CFD6-9DBE-649E8DE56993">
<hideElementsInCurrentOnly>false</hideElementsInCurrentOnly>
<backgroundColor>-16777216</backgroundColor>
<lineWidth>1</lineWidth>
<points>
<point x="215" y="268"/>
<point x="558" y="268"/>
</points>
</Connector>
<Connector class="oracle.dbtools.crest.swingui.relational.TVFKRelation" oid="87BF1AB8-AED3-99B4-CCD9-0A0F6531CD2D" otype="FKIndexAssociation" vid_source="67770F87-05FB-2299-87E5-F801B172767A" vid_target="3F7B012F-121F-78A9-D8F9-013FF30E18B5">
<hideElementsInCurrentOnly>false</hideElementsInCurrentOnly>
<backgroundColor>-16777216</backgroundColor>
<lineWidth>1</lineWidth>
<points>
<point x="591" y="806"/>
<point x="591" y="642"/>
</points>
</Connector>
<Connector class="oracle.dbtools.crest.swingui.relational.TVFKRelation" oid="903BFF9A-B152-C26A-1B76-F08A39681A99" otype="FKIndexAssociation" vid_source="C2B486DD-0ACD-38C3-0EE8-E87A7020F34A" vid_target="C92F8EF8-201C-FFD5-6E9F-82E90DBF7114">
<hideElementsInCurrentOnly>false</hideElementsInCurrentOnly>
<backgroundColor>-16777216</backgroundColor>
<lineWidth>1</lineWidth>
<points>
<point x="1441" y="868"/>
<point x="1441" y="664"/>
</points>
</Connector>
<Connector class="oracle.dbtools.crest.swingui.relational.TVFKRelation" oid="962688A8-8105-9376-3BCE-5C5534E035A7" otype="FKIndexAssociation" vid_source="0865FC19-7DCF-CFD6-9DBE-649E8DE56993" vid_target="A15CA23B-39C5-040D-62CE-660474245753">
<hideElementsInCurrentOnly>false</hideElementsInCurrentOnly>
<backgroundColor>-16777216</backgroundColor>
<lineWidth>1</lineWidth>
<points>
<point x="804" y="247"/>
<point x="979" y="247"/>
</points>
</Connector>
<Connector class="oracle.dbtools.crest.swingui.relational.TVFKRelation" oid="9E5DE784-6640-CAD1-A097-A3E1F3C7051F" otype="FKIndexAssociation" vid_source="0865FC19-7DCF-CFD6-9DBE-649E8DE56993" vid_target="3F7B012F-121F-78A9-D8F9-013FF30E18B5">
<hideElementsInCurrentOnly>false</hideElementsInCurrentOnly>
<backgroundColor>-16777216</backgroundColor>
<lineWidth>1</lineWidth>
<points>
<point x="676" y="282"/>
<point x="676" y="435"/>
</points>
</Connector>
<Connector class="oracle.dbtools.crest.swingui.relational.TVFKRelation" oid="A567AD60-54D2-86D9-8E15-5E4655137EDD" otype="FKIndexAssociation" vid_source="67770F87-05FB-2299-87E5-F801B172767A" vid_target="C2B486DD-0ACD-38C3-0EE8-E87A7020F34A">
<hideElementsInCurrentOnly>false</hideElementsInCurrentOnly>
<backgroundColor>-16777216</backgroundColor>
<lineWidth>1</lineWidth>
<points>
<point x="699" y="895"/>
<point x="1430" y="895"/>
</points>
</Connector>
<Connector class="oracle.dbtools.crest.swingui.relational.TVFKRelation" oid="C0C14722-7DEC-C82F-6638-81146362695A" otype="FKIndexAssociation" vid_source="67770F87-05FB-2299-87E5-F801B172767A" vid_target="90272D2A-3459-3467-B701-9536354DAEFB">
<hideElementsInCurrentOnly>false</hideElementsInCurrentOnly>
<backgroundColor>-16777216</backgroundColor>
<lineWidth>1</lineWidth>
<points>
<point x="699" y="834"/>
<point x="979" y="834"/>
</points>
</Connector>
<Connector class="oracle.dbtools.crest.swingui.relational.TVFKRelation" oid="C6459619-60E1-3813-EE41-E2C9710B7125" otype="FKIndexAssociation" vid_source="5AEDD599-6B26-3B65-918D-EB38BEDCFEE0" vid_target="3F7B012F-121F-78A9-D8F9-013FF30E18B5">
<hideElementsInCurrentOnly>false</hideElementsInCurrentOnly>
<backgroundColor>-16777216</backgroundColor>
<lineWidth>1</lineWidth>
<points>
<point x="245" y="503"/>
<point x="483" y="503"/>
</points>
</Connector>
<Connector class="oracle.dbtools.crest.swingui.relational.TVFKRelation" oid="E5BF168E-7526-7BE7-AE5D-82863D5C666B" otype="FKIndexAssociation" vid_source="90272D2A-3459-3467-B701-9536354DAEFB" vid_target="C92F8EF8-201C-FFD5-6E9F-82E90DBF7114">
<hideElementsInCurrentOnly>false</hideElementsInCurrentOnly>
<backgroundColor>-16777216</backgroundColor>
<lineWidth>1</lineWidth>
<points>
<point x="1189" y="739"/>
<point x="1189" y="664"/>
</points>
</Connector>
<Connector class="oracle.dbtools.crest.swingui.relational.TVFKRelation" oid="EA0A5F10-5548-96F8-5E5E-603CEDBEBBA8" otype="FKIndexAssociation" vid_source="BEB7866E-CD68-063B-91B7-0A8D9A7EF3D1" vid_target="0ECAAE69-82B6-FC99-87A9-0A1DDCF454E6">
<hideElementsInCurrentOnly>false</hideElementsInCurrentOnly>
<backgroundColor>-16777216</backgroundColor>
<lineWidth>1</lineWidth>
<points>
<point x="1221" y="124"/>
<point x="1459" y="124"/>
</points>
</Connector>
<Connector class="oracle.dbtools.crest.swingui.relational.TVFKRelation" oid="FE959DC4-6D39-CDB3-0584-3539220CFEE0" otype="FKIndexAssociation" vid_source="67770F87-05FB-2299-87E5-F801B172767A" vid_target="2541C3F5-84B3-54B4-289D-6EDEA5E93B9C">
<hideElementsInCurrentOnly>false</hideElementsInCurrentOnly>
<backgroundColor>-16777216</backgroundColor>
<lineWidth>1</lineWidth>
<points>
<point x="653" y="923"/>
<point x="653" y="950"/>
</points>
</Connector>
</connectors>
<arcs>
<Arc class="oracle.dbtools.crest.swingui.relational.TVFKArc" oid="E920644D-58B7-8197-6A66-C8ECC71E3472" otype="FKArc" vid="9E46ADBE-69FB-FDF3-D1C3-E15C36CFDE46">
<hideElementsInCurrentOnly>false</hideElementsInCurrentOnly>
<bounds x="459" y="786" width="260" height="157"/>
</Arc>
</arcs>
</Diagram>