<?xml version = '1.0' encoding = 'UTF-8'?>
<Table class="oracle.dbtools.crest.model.design.relational.Table" directorySegmentName="seg_0" id="00C87103-823F-0D72-6397-C33B16649138" name="PAYMENT_INSTALMENT">
<createdBy>HP</createdBy>
<createdTime>2019-04-25 02:11:30 UTC</createdTime>
<generatorID>89AAC5B4-6F7F-959F-C7CF-0A56108FDF53</generatorID>
<ownerDesignName>monashDrones</ownerDesignName>
<allowColumnReorder>false</allowColumnReorder>
<existDependencyGenerateInDDl>true</existDependencyGenerateInDDl>
<parsed>true</parsed>
<columns itemClass="oracle.dbtools.crest.model.design.relational.Column">
<Column name="pay_id" id="887E18A3-0BE1-C254-0E63-16400B65A07A">
<createdBy>HP</createdBy>
<createdTime>2019-04-25 02:11:30 UTC</createdTime>
<comment>The pay_id is unique each  instalment payment made for a particular order or loan.</comment>
<commentInRDBMS>The pay_id is unique each  instalment payment made for a particular order or loan.</commentInRDBMS>
<generatorID>73CD7C0A-C282-451A-0308-9FC41E4FE417</generatorID>
<ownerDesignName>monashDrones</ownerDesignName>
<useDomainConstraints>false</useDomainConstraints>
<use>1</use>
<logicalDatatype>LOGDT019</logicalDatatype>
<dataTypePrecision>7</dataTypePrecision>
<ownDataTypeParameters>,7,</ownDataTypeParameters>
<autoIncrementColumn>true</autoIncrementColumn>
<autoIncrementStartWith>100</autoIncrementStartWith>
<autoIncrementCycle>false</autoIncrementCycle>
<autoIncrementSequenceName>pay_id_sequence</autoIncrementSequenceName>
<autoIncrementGenerateTrigger>false</autoIncrementGenerateTrigger>
</Column>
<Column name="pay_amount" id="19A19E94-8711-DB0D-D3F8-33C59FAEF20F">
<createdBy>HP</createdBy>
<createdTime>2019-04-25 02:11:30 UTC</createdTime>
<comment>The payment made for every instalment. </comment>
<commentInRDBMS>The payment made for every instalment. </commentInRDBMS>
<generatorID>784C3543-6AD4-3C8C-87AA-32A4FCF7909B</generatorID>
<ownerDesignName>monashDrones</ownerDesignName>
<useDomainConstraints>false</useDomainConstraints>
<use>1</use>
<logicalDatatype>LOGDT019</logicalDatatype>
<dataTypePrecision>5</dataTypePrecision>
<dataTypeScale>2</dataTypeScale>
<ownDataTypeParameters>,5,2</ownDataTypeParameters>
<autoIncrementCycle>false</autoIncrementCycle>
</Column>
<Column name="pay_description" id="B6C7D037-9E61-2717-B2DB-12B55276CBE4">
<createdBy>HP</createdBy>
<createdTime>2019-04-25 02:11:30 UTC</createdTime>
<comment>description to identify each instalment.</comment>
<commentInRDBMS>description to identify each instalment.</commentInRDBMS>
<generatorID>215DF420-53EB-AB1D-3969-C42C514A1394</generatorID>
<ownerDesignName>monashDrones</ownerDesignName>
<useDomainConstraints>false</useDomainConstraints>
<use>1</use>
<logicalDatatype>LOGDT024</logicalDatatype>
<dataTypeSize>100</dataTypeSize>
<ownDataTypeParameters>100,,</ownDataTypeParameters>
<autoIncrementCycle>false</autoIncrementCycle>
</Column>
<Column name="order_id" id="5316BC68-618F-2F65-9A22-7BAC2C96E2AE">
<createdBy>HP</createdBy>
<createdTime>2019-04-25 02:11:30 UTC</createdTime>
<comment>Order ID is unique for every order a customer makes. </comment>
<commentInRDBMS>Order ID is unique for every order a customer makes. </commentInRDBMS>
<generatorID>06E9FB44-66D9-5ACC-DC1B-00C131DB81F7</generatorID>
<ownerDesignName>monashDrones</ownerDesignName>
<nullsAllowed>true</nullsAllowed>
<useDomainConstraints>false</useDomainConstraints>
<use>1</use>
<logicalDatatype>LOGDT019</logicalDatatype>
<dataTypePrecision>7</dataTypePrecision>
<ownDataTypeParameters>,7,</ownDataTypeParameters>
<previousColumn>false</previousColumn>
<autoIncrementCycle>false</autoIncrementCycle>
<associations>
<colAssociation fkAssociation="E5BF168E-7526-7BE7-AE5D-82863D5C666B" referredColumn="3F3C6617-0FF5-ACE6-2365-872A44E3B592"/>
</associations>
</Column>
<Column name="loan_id" id="9EB066AE-2F21-D8B1-E782-2FE4300068C4">
<createdBy>HP</createdBy>
<createdTime>2019-04-25 02:11:30 UTC</createdTime>
<comment>LOAN ID is unique to every loan they place.. </comment>
<commentInRDBMS>LOAN ID is unique to every loan they place.. </commentInRDBMS>
<generatorID>105D2471-AF9A-0B8C-14B6-DE1A105C9276</generatorID>
<ownerDesignName>monashDrones</ownerDesignName>
<nullsAllowed>true</nullsAllowed>
<useDomainConstraints>false</useDomainConstraints>
<use>1</use>
<logicalDatatype>LOGDT019</logicalDatatype>
<dataTypePrecision>7</dataTypePrecision>
<ownDataTypeParameters>,7,</ownDataTypeParameters>
<previousColumn>false</previousColumn>
<autoIncrementCycle>false</autoIncrementCycle>
<associations>
<colAssociation fkAssociation="903BFF9A-B152-C26A-1B76-F08A39681A99" referredColumn="5724D3CA-EE11-184E-062A-6299F46FF35A"/>
</associations>
</Column>
</columns>
<indexes itemClass="oracle.dbtools.crest.model.design.relational.Index">
<ind_PK_UK id="BA4A9AD2-886B-8B5C-B6A1-AD3BEF8B10A2" name="PAYMENT_INSTALMENT_PK">
<createdBy>HP</createdBy>
<createdTime>2019-04-25 02:11:30 UTC</createdTime>
<generatorID>20C26649-B65B-233F-67AF-EB3F55B62ABD</generatorID>
<ownerDesignName>monashDrones</ownerDesignName>
<pk>true</pk>
<indexState>Primary Constraint</indexState>
<isSurrogateKey>false</isSurrogateKey>
<indexColumnUsage>
<colUsage columnID="887E18A3-0BE1-C254-0E63-16400B65A07A"/>
</indexColumnUsage>
</ind_PK_UK>
<ind_PK_UK id="023D2853-CE6E-2893-CA1E-B37A333760CE" name="LOAN_HAS_PAYMENT_INSTAMENT">
<createdBy>HP</createdBy>
<createdTime>2019-04-25 02:11:30 UTC</createdTime>
<generatorID>F54D2684-B693-3E46-2142-9172EDB90B8D</generatorID>
<ownerDesignName>monashDrones</ownerDesignName>
<indexState>Foreign Key</indexState>
<isSurrogateKey>false</isSurrogateKey>
<indexColumnUsage>
<colUsage columnID="9EB066AE-2F21-D8B1-E782-2FE4300068C4"/>
</indexColumnUsage>
</ind_PK_UK>
<ind_PK_UK id="27D5EA08-4F5B-DCD1-5ECC-058C6B4BF6F0" name="ORDER_HAS_PAYMENT_INSTALMENT">
<createdBy>HP</createdBy>
<createdTime>2019-04-25 02:11:30 UTC</createdTime>
<generatorID>AC266D84-E550-9013-5095-EACE2B410FD1</generatorID>
<ownerDesignName>monashDrones</ownerDesignName>
<indexState>Foreign Key</indexState>
<isSurrogateKey>false</isSurrogateKey>
<indexColumnUsage>
<colUsage columnID="5316BC68-618F-2F65-9A22-7BAC2C96E2AE"/>
</indexColumnUsage>
</ind_PK_UK>
</indexes>
</Table>