<?xml version = '1.0' encoding = 'UTF-8'?>
<Table class="oracle.dbtools.crest.model.design.relational.Table" directorySegmentName="seg_0" id="0C0D4D44-F2E1-AB16-07C1-1BFB26571CBB" name="ORDER_LINE">
<createdBy>HP</createdBy>
<createdTime>2019-04-25 02:11:30 UTC</createdTime>
<generatorID>D8AA1877-630A-2693-4E2C-D518E7FB612A</generatorID>
<ownerDesignName>monashDrones</ownerDesignName>
<allowColumnReorder>false</allowColumnReorder>
<existDependencyGenerateInDDl>true</existDependencyGenerateInDDl>
<parsed>true</parsed>
<columns itemClass="oracle.dbtools.crest.model.design.relational.Column">
<Column name="order_id" id="C20A482F-AFDC-1C77-0BBE-34C07CF08BBA">
<createdBy>HP</createdBy>
<createdTime>2019-04-25 02:11:30 UTC</createdTime>
<comment>Order ID is unique for every order a customer makes. </comment>
<commentInRDBMS>Order ID is unique for every order a customer makes. </commentInRDBMS>
<generatorID>2D8A2D3D-4DD9-5D48-DC03-71245AEEDCF2</generatorID>
<ownerDesignName>monashDrones</ownerDesignName>
<useDomainConstraints>false</useDomainConstraints>
<use>1</use>
<logicalDatatype>LOGDT019</logicalDatatype>
<dataTypePrecision>7</dataTypePrecision>
<ownDataTypeParameters>,7,</ownDataTypeParameters>
<previousColumn>false</previousColumn>
<autoIncrementCycle>false</autoIncrementCycle>
<associations>
<colAssociation fkAssociation="1A4B9A70-8DEC-1DA0-9D80-C316AA0EEDB6" referredColumn="3F3C6617-0FF5-ACE6-2365-872A44E3B592"/>
</associations>
</Column>
<Column name="drone_id" id="EBC33477-89B5-AFCE-D059-E74CC459EF7A">
<createdBy>HP</createdBy>
<createdTime>2019-04-25 02:11:30 UTC</createdTime>
<comment>Drone ID idetifies a unique drone.</comment>
<commentInRDBMS>Drone ID idetifies a unique drone.</commentInRDBMS>
<generatorID>6803F95B-BE5A-3F93-7563-0894CBC10A64</generatorID>
<ownerDesignName>monashDrones</ownerDesignName>
<useDomainConstraints>false</useDomainConstraints>
<use>1</use>
<logicalDatatype>LOGDT019</logicalDatatype>
<dataTypePrecision>7</dataTypePrecision>
<ownDataTypeParameters>,7,</ownDataTypeParameters>
<previousColumn>false</previousColumn>
<autoIncrementCycle>false</autoIncrementCycle>
<associations>
<colAssociation fkAssociation="29FFFEE2-A023-CDA7-4D3A-3C739668CDC6" referredColumn="BB6F183E-A053-E6DA-1120-B50CE83B9F43"/>
</associations>
</Column>
</columns>
<indexes itemClass="oracle.dbtools.crest.model.design.relational.Index">
<ind_PK_UK id="4C118116-5B14-9833-4FC4-181F77C8877F" name="ORDER_LINE_PK">
<createdBy>HP</createdBy>
<createdTime>2019-04-25 02:11:30 UTC</createdTime>
<generatorID>A4CACF1A-7EF3-93B8-58D1-C937A74B9238</generatorID>
<ownerDesignName>monashDrones</ownerDesignName>
<pk>true</pk>
<indexState>Primary Constraint</indexState>
<isSurrogateKey>false</isSurrogateKey>
<indexColumnUsage>
<colUsage columnID="C20A482F-AFDC-1C77-0BBE-34C07CF08BBA"/>
<colUsage columnID="EBC33477-89B5-AFCE-D059-E74CC459EF7A"/>
</indexColumnUsage>
</ind_PK_UK>
<ind_PK_UK id="0A692796-A96F-6A2F-9CD8-8E2649A66115" name="DRONE_HAS_ORDER_LINE">
<createdBy>HP</createdBy>
<createdTime>2019-04-25 02:11:30 UTC</createdTime>
<generatorID>B7E03708-C80D-E6FB-A7E5-19CFAD16743D</generatorID>
<ownerDesignName>monashDrones</ownerDesignName>
<indexState>Foreign Key</indexState>
<isSurrogateKey>false</isSurrogateKey>
<indexColumnUsage>
<colUsage columnID="EBC33477-89B5-AFCE-D059-E74CC459EF7A"/>
</indexColumnUsage>
</ind_PK_UK>
<ind_PK_UK id="08C83C93-FBEE-24E6-6F4B-EBED386620BB" name="ORDER_HAS_ORDER_LINE">
<createdBy>HP</createdBy>
<createdTime>2019-04-25 02:11:30 UTC</createdTime>
<generatorID>1AC314E4-9856-FE78-50DA-473C85F37858</generatorID>
<ownerDesignName>monashDrones</ownerDesignName>
<indexState>Foreign Key</indexState>
<isSurrogateKey>false</isSurrogateKey>
<indexColumnUsage>
<colUsage columnID="C20A482F-AFDC-1C77-0BBE-34C07CF08BBA"/>
</indexColumnUsage>
</ind_PK_UK>
</indexes>
</Table>