<?xml version = '1.0' encoding = 'UTF-8'?>
<Table class="oracle.dbtools.crest.model.design.relational.Table" directorySegmentName="seg_0" id="1948B581-756E-7817-AB8A-9002818C65AB" name="DRONE_FOR_SALE">
<createdBy>HP</createdBy>
<createdTime>2019-04-25 02:11:30 UTC</createdTime>
<generatorID>AB2F2268-6CFB-819E-B358-BB252103DDB9</generatorID>
<ownerDesignName>monashDrones</ownerDesignName>
<allowColumnReorder>false</allowColumnReorder>
<existDependencyGenerateInDDl>true</existDependencyGenerateInDDl>
<parsed>true</parsed>
<columns itemClass="oracle.dbtools.crest.model.design.relational.Column">
<Column name="drone_id" id="BB6F183E-A053-E6DA-1120-B50CE83B9F43">
<createdBy>HP</createdBy>
<createdTime>2019-04-25 02:11:30 UTC</createdTime>
<comment>Drone ID idetifies a unique drone.</comment>
<commentInRDBMS>Drone ID idetifies a unique drone.</commentInRDBMS>
<generatorID>79A31441-8880-CC99-9D54-689B2A97FD00</generatorID>
<ownerDesignName>monashDrones</ownerDesignName>
<useDomainConstraints>false</useDomainConstraints>
<use>1</use>
<logicalDatatype>LOGDT019</logicalDatatype>
<dataTypePrecision>7</dataTypePrecision>
<ownDataTypeParameters>,7,</ownDataTypeParameters>
<autoIncrementCycle>false</autoIncrementCycle>
<associations>
<colAssociation fkAssociation="962688A8-8105-9376-3BCE-5C5534E035A7" referredColumn="27184D50-6A1A-7323-0E8F-E144CBA329D1"/>
</associations>
</Column>
<Column name="warranty_period" id="C295A200-FE85-2799-47F5-615E2B86F043">
<createdBy>HP</createdBy>
<createdTime>2019-04-25 02:11:30 UTC</createdTime>
<comment>waranty period in years. between 1 to 5 years. </comment>
<commentInRDBMS>waranty period in years. between 1 to 5 years. </commentInRDBMS>
<generatorID>C2E13C22-C9E0-DA61-B9C4-013D4312677E</generatorID>
<ownerDesignName>monashDrones</ownerDesignName>
<constraintName>warranty_period_constraint</constraintName>
<useDomainConstraints>false</useDomainConstraints>
<use>1</use>
<logicalDatatype>LOGDT019</logicalDatatype>
<dataTypePrecision>1</dataTypePrecision>
<ownDataTypeParameters>,1,</ownDataTypeParameters>
<autoIncrementCycle>false</autoIncrementCycle>
<listOfRanges>
<rangeDef class="oracle.dbtools.crest.model.design.constraint.AVT">
<beginValue>1</beginValue>
<endValue>5</endValue>
<description>Warranty period 1-5</description>
</rangeDef>
</listOfRanges>
</Column>
<Column name="selling_price" id="29B79F24-D814-CA09-14AE-003269250030">
<createdBy>HP</createdBy>
<createdTime>2019-04-25 02:11:30 UTC</createdTime>
<comment>The price of the drone.</comment>
<commentInRDBMS>The price of the drone.</commentInRDBMS>
<generatorID>F0751037-CA5A-BA19-64C2-884EBF405D4D</generatorID>
<ownerDesignName>monashDrones</ownerDesignName>
<useDomainConstraints>false</useDomainConstraints>
<use>1</use>
<logicalDatatype>LOGDT019</logicalDatatype>
<dataTypePrecision>7</dataTypePrecision>
<dataTypeScale>2</dataTypeScale>
<ownDataTypeParameters>,7,2</ownDataTypeParameters>
<autoIncrementCycle>false</autoIncrementCycle>
</Column>
</columns>
<indexes itemClass="oracle.dbtools.crest.model.design.relational.Index">
<ind_PK_UK id="886881E2-F690-75F6-25DA-014DBA4EB17F" name="DRONE_FOR_SALE_PK">
<createdBy>HP</createdBy>
<createdTime>2019-04-25 02:11:30 UTC</createdTime>
<generatorID>43CB8EEB-CE41-2770-32E4-E21A1007BC8E</generatorID>
<ownerDesignName>monashDrones</ownerDesignName>
<pk>true</pk>
<indexState>Primary Constraint</indexState>
<isSurrogateKey>false</isSurrogateKey>
<indexColumnUsage>
<colUsage columnID="BB6F183E-A053-E6DA-1120-B50CE83B9F43"/>
</indexColumnUsage>
</ind_PK_UK>
<ind_PK_UK id="65A4AC48-0D35-2AC9-3056-865CEA96B704" name="FK_DRONE_DRONT_FOR_SALE">
<createdBy>HP</createdBy>
<createdTime>2019-04-25 02:11:30 UTC</createdTime>
<generatorID>357DBC8D-E21B-E57E-2BD5-59BA4CD5C1AB</generatorID>
<ownerDesignName>monashDrones</ownerDesignName>
<indexState>Foreign Key</indexState>
<isSurrogateKey>false</isSurrogateKey>
<indexColumnUsage>
<colUsage columnID="BB6F183E-A053-E6DA-1120-B50CE83B9F43"/>
</indexColumnUsage>
</ind_PK_UK>
</indexes>
</Table>