<?xml version = '1.0' encoding = 'UTF-8'?>
<Table class="oracle.dbtools.crest.model.design.relational.Table" directorySegmentName="seg_0" id="7D97ACCE-024F-D09C-9A41-D0A681C3AC22" name="EMPLOYEE">
<createdBy>HP</createdBy>
<createdTime>2019-04-25 02:11:30 UTC</createdTime>
<generatorID>C7AE91AA-E4DC-7F09-DC77-475B5AAA863C</generatorID>
<ownerDesignName>monashDrones</ownerDesignName>
<allowColumnReorder>false</allowColumnReorder>
<existDependencyGenerateInDDl>true</existDependencyGenerateInDDl>
<parsed>true</parsed>
<columns itemClass="oracle.dbtools.crest.model.design.relational.Column">
<Column name="emp_id" id="1452F805-A32C-5228-C80A-20D75A56D85D">
<createdBy>HP</createdBy>
<createdTime>2019-04-25 02:11:30 UTC</createdTime>
<comment>Unique identifier for each employee.</comment>
<commentInRDBMS>Unique identifier for each employee.</commentInRDBMS>
<generatorID>DABC0CA9-FD0D-19AF-CA95-F77E66A89160</generatorID>
<ownerDesignName>monashDrones</ownerDesignName>
<useDomainConstraints>false</useDomainConstraints>
<use>1</use>
<logicalDatatype>LOGDT019</logicalDatatype>
<dataTypePrecision>7</dataTypePrecision>
<ownDataTypeParameters>,7,</ownDataTypeParameters>
<autoIncrementColumn>true</autoIncrementColumn>
<autoIncrementStartWith>100</autoIncrementStartWith>
<autoIncrementCycle>false</autoIncrementCycle>
<autoIncrementSequenceName>emp_id_sequence</autoIncrementSequenceName>
<autoIncrementGenerateTrigger>false</autoIncrementGenerateTrigger>
</Column>
<Column name="emp_DOB" id="66B83F31-7131-6B5A-0593-2655AFA9B6BB">
<createdBy>HP</createdBy>
<createdTime>2019-04-25 02:11:30 UTC</createdTime>
<comment>Date of birth of employees. </comment>
<commentInRDBMS>Date of birth of employees. </commentInRDBMS>
<generatorID>B129B00D-7804-1893-37C7-EC1DBAAC0AA0</generatorID>
<ownerDesignName>monashDrones</ownerDesignName>
<useDomainConstraints>false</useDomainConstraints>
<use>1</use>
<logicalDatatype>LOGDT007</logicalDatatype>
<ownDataTypeParameters>,,</ownDataTypeParameters>
<autoIncrementCycle>false</autoIncrementCycle>
</Column>
<Column name="emp_address" id="E2ECBDDA-17F6-FD87-BF79-32A7B0373F9A">
<createdBy>HP</createdBy>
<createdTime>2019-04-25 02:11:30 UTC</createdTime>
<comment>Employee&apos;s address</comment>
<commentInRDBMS>Employee&apos;s address</commentInRDBMS>
<generatorID>86FE1803-D725-86E7-899E-00772462D27D</generatorID>
<ownerDesignName>monashDrones</ownerDesignName>
<useDomainConstraints>false</useDomainConstraints>
<use>1</use>
<logicalDatatype>LOGDT024</logicalDatatype>
<dataTypeSize>50</dataTypeSize>
<ownDataTypeParameters>50,,</ownDataTypeParameters>
<autoIncrementCycle>false</autoIncrementCycle>
</Column>
<Column name="RPL_no" id="C0A51585-1CEE-BE10-B63B-5CC38AE0FB0A">
<createdBy>HP</createdBy>
<createdTime>2019-04-25 02:11:30 UTC</createdTime>
<comment>Remote pilot license number(not mandatory for all employees)</comment>
<commentInRDBMS>Remote pilot license number(not mandatory for all employees)</commentInRDBMS>
<generatorID>D38047C3-C9BB-D387-4CF8-B9C786D0A771</generatorID>
<ownerDesignName>monashDrones</ownerDesignName>
<nullsAllowed>true</nullsAllowed>
<useDomainConstraints>false</useDomainConstraints>
<use>1</use>
<logicalDatatype>LOGDT019</logicalDatatype>
<dataTypePrecision>7</dataTypePrecision>
<ownDataTypeParameters>,7,</ownDataTypeParameters>
<autoIncrementCycle>false</autoIncrementCycle>
</Column>
<Column name="emp_contact_no" id="B5800D2A-ABF0-18DE-CEDA-9191E28869BA">
<createdBy>HP</createdBy>
<createdTime>2019-04-25 02:11:30 UTC</createdTime>
<comment>mobile contact no. of employees.</comment>
<commentInRDBMS>mobile contact no. of employees.</commentInRDBMS>
<generatorID>B0C81336-C846-FC70-ECD1-E38973A9305B</generatorID>
<ownerDesignName>monashDrones</ownerDesignName>
<useDomainConstraints>false</useDomainConstraints>
<use>1</use>
<logicalDatatype>LOGDT025</logicalDatatype>
<dataTypeSize>10</dataTypeSize>
<ownDataTypeParameters>10,,</ownDataTypeParameters>
<autoIncrementCycle>false</autoIncrementCycle>
</Column>
</columns>
<indexes itemClass="oracle.dbtools.crest.model.design.relational.Index">
<ind_PK_UK id="C0968013-70F3-9DCC-99E6-2C7567580776" name="EMPLOYEE_PK">
<createdBy>HP</createdBy>
<createdTime>2019-04-25 02:11:30 UTC</createdTime>
<generatorID>8093E117-DCB1-348F-C205-DD4932AD63CD</generatorID>
<ownerDesignName>monashDrones</ownerDesignName>
<pk>true</pk>
<indexState>Primary Constraint</indexState>
<isSurrogateKey>false</isSurrogateKey>
<indexColumnUsage>
<colUsage columnID="1452F805-A32C-5228-C80A-20D75A56D85D"/>
</indexColumnUsage>
</ind_PK_UK>
</indexes>
</Table>