<?xml version = '1.0' encoding = 'UTF-8'?>
<Table class="oracle.dbtools.crest.model.design.relational.Table" directorySegmentName="seg_0" id="81BE2827-FF08-C2C3-0200-F5976EC4D89B" name="CUSTOMER">
<createdBy>HP</createdBy>
<createdTime>2019-04-25 02:11:30 UTC</createdTime>
<generatorID>A9DC5EEE-F9E7-4561-1AB4-02ABF1756046</generatorID>
<ownerDesignName>monashDrones</ownerDesignName>
<allowColumnReorder>false</allowColumnReorder>
<existDependencyGenerateInDDl>true</existDependencyGenerateInDDl>
<parsed>true</parsed>
<columns itemClass="oracle.dbtools.crest.model.design.relational.Column">
<Column name="cust_id" id="1F1542B9-9CF3-0401-67EC-C4124E940DC4">
<createdBy>HP</createdBy>
<createdTime>2019-04-25 02:11:30 UTC</createdTime>
<comment>unique identifier for a customer.</comment>
<commentInRDBMS>unique identifier for a customer.</commentInRDBMS>
<generatorID>8220FC70-3CDB-A316-E372-A00326B0FE74</generatorID>
<ownerDesignName>monashDrones</ownerDesignName>
<useDomainConstraints>false</useDomainConstraints>
<use>1</use>
<logicalDatatype>LOGDT019</logicalDatatype>
<dataTypePrecision>7</dataTypePrecision>
<ownDataTypeParameters>,7,</ownDataTypeParameters>
<autoIncrementColumn>true</autoIncrementColumn>
<autoIncrementStartWith>100</autoIncrementStartWith>
<autoIncrementCycle>false</autoIncrementCycle>
<autoIncrementSequenceName>cust_id_sequence</autoIncrementSequenceName>
<autoIncrementGenerateTrigger>false</autoIncrementGenerateTrigger>
</Column>
<Column name="cust_address" id="E609C289-CD80-B799-D24C-71C922B7B614">
<createdBy>HP</createdBy>
<createdTime>2019-04-25 02:11:30 UTC</createdTime>
<comment>The address of the customer.</comment>
<commentInRDBMS>The address of the customer.</commentInRDBMS>
<generatorID>5562EDC0-C5AF-6195-2398-B4ACA2841B78</generatorID>
<ownerDesignName>monashDrones</ownerDesignName>
<useDomainConstraints>false</useDomainConstraints>
<use>1</use>
<logicalDatatype>LOGDT024</logicalDatatype>
<dataTypeSize>150</dataTypeSize>
<ownDataTypeParameters>150,,</ownDataTypeParameters>
<autoIncrementCycle>false</autoIncrementCycle>
</Column>
<Column name="cust_email" id="F3DA2947-97D2-E7A3-BE7B-AB93B20F1283">
<createdBy>HP</createdBy>
<createdTime>2019-04-25 02:11:30 UTC</createdTime>
<comment>Email address of a customer.</comment>
<commentInRDBMS>Email address of a customer.</commentInRDBMS>
<generatorID>3963A73F-61AA-8586-7934-CA91AF1BF477</generatorID>
<ownerDesignName>monashDrones</ownerDesignName>
<useDomainConstraints>false</useDomainConstraints>
<use>1</use>
<logicalDatatype>LOGDT024</logicalDatatype>
<dataTypeSize>50</dataTypeSize>
<ownDataTypeParameters>50,,</ownDataTypeParameters>
<autoIncrementCycle>false</autoIncrementCycle>
</Column>
<Column name="cust_contact_no" id="12BF44CC-9AF2-FCDF-7928-A6022BA4D322">
<createdBy>HP</createdBy>
<createdTime>2019-04-25 02:11:30 UTC</createdTime>
<comment>Mobile number of a customer.</comment>
<commentInRDBMS>Mobile number of a customer.</commentInRDBMS>
<generatorID>34CBC2D0-2CA6-0C8F-2202-DD9D1A3A9885</generatorID>
<ownerDesignName>monashDrones</ownerDesignName>
<useDomainConstraints>false</useDomainConstraints>
<use>1</use>
<logicalDatatype>LOGDT025</logicalDatatype>
<dataTypeSize>10</dataTypeSize>
<ownDataTypeParameters>10,,</ownDataTypeParameters>
<autoIncrementCycle>false</autoIncrementCycle>
</Column>
<Column name="cust_type" id="9491E0BB-B31B-4C6A-3397-E083FD528044">
<createdBy>HP</createdBy>
<createdTime>2019-04-25 02:11:30 UTC</createdTime>
<comment>Cutomer type - Individual or Bussiness, I/B respectively. </comment>
<commentInRDBMS>Cutomer type - Individual or Bussiness, I/B respectively. </commentInRDBMS>
<generatorID>C5D3EA00-BBF7-FF91-B965-DD87336F08B5</generatorID>
<ownerDesignName>monashDrones</ownerDesignName>
<constraintName>cust_type_constraints</constraintName>
<useDomainConstraints>false</useDomainConstraints>
<use>1</use>
<logicalDatatype>LOGDT025</logicalDatatype>
<dataTypeSize>1</dataTypeSize>
<listOfValues>
<valueDef value="B" description="business customer"/>
<valueDef value="I" description="individual customer"/>
</listOfValues>
<ownDataTypeParameters>1,,</ownDataTypeParameters>
<autoIncrementCycle>false</autoIncrementCycle>
</Column>
</columns>
<indexes itemClass="oracle.dbtools.crest.model.design.relational.Index">
<ind_PK_UK id="8152C82C-3EF0-4AC3-A411-A621994BFA4C" name="CUSTOMER_PK">
<createdBy>HP</createdBy>
<createdTime>2019-04-25 02:11:30 UTC</createdTime>
<generatorID>DECC74F1-60F2-A9F1-0675-3CE556AFC346</generatorID>
<ownerDesignName>monashDrones</ownerDesignName>
<pk>true</pk>
<indexState>Primary Constraint</indexState>
<isSurrogateKey>false</isSurrogateKey>
<indexColumnUsage>
<colUsage columnID="1F1542B9-9CF3-0401-67EC-C4124E940DC4"/>
</indexColumnUsage>
</ind_PK_UK>
</indexes>
</Table>