<?xml version = '1.0' encoding = 'UTF-8'?>
<Table class="oracle.dbtools.crest.model.design.relational.Table" directorySegmentName="seg_0" id="8278FC4D-EC86-7374-05CB-9A6AB10EF712" name="ORDERS">
<createdBy>HP</createdBy>
<createdTime>2019-04-25 02:11:30 UTC</createdTime>
<generatorID>1C1F4B2A-62ED-B729-DC80-EB69E523E827</generatorID>
<ownerDesignName>monashDrones</ownerDesignName>
<allowColumnReorder>false</allowColumnReorder>
<existDependencyGenerateInDDl>true</existDependencyGenerateInDDl>
<parsed>true</parsed>
<columns itemClass="oracle.dbtools.crest.model.design.relational.Column">
<Column name="order_id" id="3F3C6617-0FF5-ACE6-2365-872A44E3B592">
<createdBy>HP</createdBy>
<createdTime>2019-04-25 02:11:30 UTC</createdTime>
<comment>Order ID is unique for every order a customer makes. </comment>
<commentInRDBMS>Order ID is unique for every order a customer makes. </commentInRDBMS>
<generatorID>9AE396F5-C10D-A321-6C35-FA7F9F38587F</generatorID>
<ownerDesignName>monashDrones</ownerDesignName>
<useDomainConstraints>false</useDomainConstraints>
<use>1</use>
<logicalDatatype>LOGDT019</logicalDatatype>
<dataTypePrecision>7</dataTypePrecision>
<ownDataTypeParameters>,7,</ownDataTypeParameters>
<autoIncrementColumn>true</autoIncrementColumn>
<autoIncrementStartWith>100</autoIncrementStartWith>
<autoIncrementCycle>false</autoIncrementCycle>
<autoIncrementSequenceName>order_id_sequence</autoIncrementSequenceName>
<autoIncrementGenerateTrigger>false</autoIncrementGenerateTrigger>
</Column>
<Column name="order_date" id="0BA892DE-316C-0A2D-FC60-245BEE4A3EB5">
<createdBy>HP</createdBy>
<createdTime>2019-04-25 02:11:30 UTC</createdTime>
<comment>The date when the order was made. </comment>
<commentInRDBMS>The date when the order was made. </commentInRDBMS>
<generatorID>49F80C87-A763-CDD8-B195-127FA0C8B69A</generatorID>
<ownerDesignName>monashDrones</ownerDesignName>
<useDomainConstraints>false</useDomainConstraints>
<use>1</use>
<logicalDatatype>LOGDT007</logicalDatatype>
<ownDataTypeParameters>,,</ownDataTypeParameters>
<autoIncrementCycle>false</autoIncrementCycle>
</Column>
<Column name="order_balance" id="AB605D2A-9D87-18F6-5F05-F58EEB5585A9">
<createdBy>HP</createdBy>
<createdTime>2019-04-25 02:11:30 UTC</createdTime>
<comment>The total cost of the order.</comment>
<commentInRDBMS>The total cost of the order.</commentInRDBMS>
<generatorID>658FF5E4-42B5-9D6C-0768-F160428D82B1</generatorID>
<ownerDesignName>monashDrones</ownerDesignName>
<useDomainConstraints>false</useDomainConstraints>
<use>1</use>
<logicalDatatype>LOGDT019</logicalDatatype>
<dataTypePrecision>7</dataTypePrecision>
<dataTypeScale>2</dataTypeScale>
<ownDataTypeParameters>,7,2</ownDataTypeParameters>
<autoIncrementCycle>false</autoIncrementCycle>
</Column>
<Column name="cust_id" id="0C171A1D-B0F1-BE8E-8C6D-E169F5E29633">
<createdBy>HP</createdBy>
<createdTime>2019-04-25 02:11:30 UTC</createdTime>
<comment>unique identifier for a customer.</comment>
<commentInRDBMS>unique identifier for a customer.</commentInRDBMS>
<generatorID>BEB7511E-C446-2DBE-6889-63AC50C31297</generatorID>
<ownerDesignName>monashDrones</ownerDesignName>
<useDomainConstraints>false</useDomainConstraints>
<use>1</use>
<logicalDatatype>LOGDT019</logicalDatatype>
<dataTypePrecision>7</dataTypePrecision>
<ownDataTypeParameters>,7,</ownDataTypeParameters>
<previousColumn>false</previousColumn>
<autoIncrementCycle>false</autoIncrementCycle>
<associations>
<colAssociation fkAssociation="C0C14722-7DEC-C82F-6638-81146362695A" referredColumn="1F1542B9-9CF3-0401-67EC-C4124E940DC4"/>
</associations>
</Column>
</columns>
<indexes itemClass="oracle.dbtools.crest.model.design.relational.Index">
<ind_PK_UK id="EE6765FE-F587-0AAB-97A9-BF4F1D9EAAF6" name="ORDER_PK">
<createdBy>HP</createdBy>
<createdTime>2019-04-25 02:11:30 UTC</createdTime>
<generatorID>14D1D962-B3FE-6641-9D5F-1C9E5B015201</generatorID>
<ownerDesignName>monashDrones</ownerDesignName>
<pk>true</pk>
<indexState>Primary Constraint</indexState>
<isSurrogateKey>false</isSurrogateKey>
<indexColumnUsage>
<colUsage columnID="3F3C6617-0FF5-ACE6-2365-872A44E3B592"/>
</indexColumnUsage>
</ind_PK_UK>
<ind_PK_UK id="EF99896F-BC81-2BB1-4A2C-A28B23349F75" name="CUSTOMER_MAKES_ORDER">
<createdBy>HP</createdBy>
<createdTime>2019-04-25 02:11:30 UTC</createdTime>
<generatorID>5D11A3D9-F1E0-64BF-D767-B7D34EE440D8</generatorID>
<ownerDesignName>monashDrones</ownerDesignName>
<indexState>Foreign Key</indexState>
<isSurrogateKey>false</isSurrogateKey>
<indexColumnUsage>
<colUsage columnID="0C171A1D-B0F1-BE8E-8C6D-E169F5E29633"/>
</indexColumnUsage>
</ind_PK_UK>
</indexes>
</Table>