<?xml version = '1.0' encoding = 'UTF-8'?>
<Table class="oracle.dbtools.crest.model.design.relational.Table" directorySegmentName="seg_0" id="858E46BF-7E0F-98AC-E0B7-2CE820D47335" name="BUSINESS">
<createdBy>HP</createdBy>
<createdTime>2019-04-25 02:11:30 UTC</createdTime>
<generatorID>5D6C8D01-E123-F9D7-CC8A-8C8B80C51479</generatorID>
<ownerDesignName>monashDrones</ownerDesignName>
<allowColumnReorder>false</allowColumnReorder>
<existDependencyGenerateInDDl>true</existDependencyGenerateInDDl>
<parsed>true</parsed>
<columns itemClass="oracle.dbtools.crest.model.design.relational.Column">
<Column name="cust_id" id="45D01106-44C6-3DFA-B7E6-7406DC23DF17">
<createdBy>HP</createdBy>
<createdTime>2019-04-25 02:11:30 UTC</createdTime>
<comment>unique identifier for a customer.</comment>
<commentInRDBMS>unique identifier for a customer.</commentInRDBMS>
<generatorID>8220FC70-3CDB-A316-E372-A00326B0FE74</generatorID>
<ownerDesignName>monashDrones</ownerDesignName>
<useDomainConstraints>false</useDomainConstraints>
<use>1</use>
<logicalDatatype>LOGDT019</logicalDatatype>
<dataTypePrecision>7</dataTypePrecision>
<ownDataTypeParameters>,7,</ownDataTypeParameters>
<autoIncrementCycle>false</autoIncrementCycle>
<associations>
<colAssociation fkAssociation="FE959DC4-6D39-CDB3-0584-3539220CFEE0" referredColumn="1F1542B9-9CF3-0401-67EC-C4124E940DC4"/>
</associations>
</Column>
<Column name="cust_ABM_no" id="A6C22FA6-8972-D300-762E-BA7EEAC55462">
<createdBy>HP</createdBy>
<createdTime>2019-04-25 02:11:30 UTC</createdTime>
<comment>ABM number of the customer</comment>
<commentInRDBMS>ABM number of the customer</commentInRDBMS>
<generatorID>B3D09AB4-3FB1-0AFE-BFDB-AA975B8FF1E8</generatorID>
<ownerDesignName>monashDrones</ownerDesignName>
<useDomainConstraints>false</useDomainConstraints>
<use>1</use>
<logicalDatatype>LOGDT019</logicalDatatype>
<dataTypePrecision>10</dataTypePrecision>
<ownDataTypeParameters>,10,</ownDataTypeParameters>
<autoIncrementCycle>false</autoIncrementCycle>
</Column>
<Column name="cust_fax_no" id="75F10551-3D99-7F60-C288-29E62E95A228">
<createdBy>HP</createdBy>
<createdTime>2019-04-25 02:11:30 UTC</createdTime>
<comment>Fax number of a customer. </comment>
<commentInRDBMS>Fax number of a customer. </commentInRDBMS>
<generatorID>BB9F6544-E8CD-4602-A609-ABD28AA6FAE4</generatorID>
<ownerDesignName>monashDrones</ownerDesignName>
<useDomainConstraints>false</useDomainConstraints>
<use>1</use>
<logicalDatatype>LOGDT025</logicalDatatype>
<dataTypeSize>11</dataTypeSize>
<ownDataTypeParameters>11,,</ownDataTypeParameters>
<autoIncrementCycle>false</autoIncrementCycle>
</Column>
</columns>
<indexes itemClass="oracle.dbtools.crest.model.design.relational.Index">
<ind_PK_UK id="FF0A8672-0C02-FCDF-EED5-72519041A258" name="BUSINESS_PK">
<createdBy>HP</createdBy>
<createdTime>2019-04-25 02:11:30 UTC</createdTime>
<generatorID>DECC74F1-60F2-A9F1-0675-3CE556AFC346</generatorID>
<ownerDesignName>monashDrones</ownerDesignName>
<pk>true</pk>
<indexState>Primary Constraint</indexState>
<isSurrogateKey>false</isSurrogateKey>
<indexColumnUsage>
<colUsage columnID="45D01106-44C6-3DFA-B7E6-7406DC23DF17"/>
</indexColumnUsage>
</ind_PK_UK>
<ind_PK_UK id="4D12BBDF-F555-5E62-98C1-A4CEE5D4B849" name="FK_BUSINESS_CUSTOMER">
<createdBy>HP</createdBy>
<createdTime>2019-04-25 02:11:30 UTC</createdTime>
<generatorID>AA126352-35BB-AE10-7A04-8AC93E6341A5</generatorID>
<ownerDesignName>monashDrones</ownerDesignName>
<indexState>Foreign Key</indexState>
<isSurrogateKey>false</isSurrogateKey>
<indexColumnUsage>
<colUsage columnID="45D01106-44C6-3DFA-B7E6-7406DC23DF17"/>
</indexColumnUsage>
</ind_PK_UK>
</indexes>
</Table>