<?xml version = '1.0' encoding = 'UTF-8'?>
<Table class="oracle.dbtools.crest.model.design.relational.Table" directorySegmentName="seg_0" id="8710C3C4-C5F3-3F66-DFEB-B91960A1BD86" name="INDIVIDUAL">
<createdBy>HP</createdBy>
<createdTime>2019-04-25 02:11:30 UTC</createdTime>
<generatorID>CACCCA92-3BDB-8CA1-0E14-669BF25DD571</generatorID>
<ownerDesignName>monashDrones</ownerDesignName>
<allowColumnReorder>false</allowColumnReorder>
<existDependencyGenerateInDDl>true</existDependencyGenerateInDDl>
<parsed>true</parsed>
<columns itemClass="oracle.dbtools.crest.model.design.relational.Column">
<Column name="cust_id" id="5EC9194F-1107-1E21-825C-50C4A75D2906">
<createdBy>HP</createdBy>
<createdTime>2019-04-25 02:11:30 UTC</createdTime>
<comment>unique identifier for a customer.</comment>
<commentInRDBMS>unique identifier for a customer.</commentInRDBMS>
<generatorID>8220FC70-3CDB-A316-E372-A00326B0FE74</generatorID>
<ownerDesignName>monashDrones</ownerDesignName>
<useDomainConstraints>false</useDomainConstraints>
<use>1</use>
<logicalDatatype>LOGDT019</logicalDatatype>
<dataTypePrecision>7</dataTypePrecision>
<ownDataTypeParameters>,7,</ownDataTypeParameters>
<autoIncrementCycle>false</autoIncrementCycle>
<associations>
<colAssociation fkAssociation="4BAC0B37-7FE7-680D-0532-0E413C6209B1" referredColumn="1F1542B9-9CF3-0401-67EC-C4124E940DC4"/>
</associations>
</Column>
<Column name="cust_gender" id="CF9860D5-98B0-5F74-7EC7-AC94BCC57AC9">
<createdBy>HP</createdBy>
<createdTime>2019-04-25 02:11:30 UTC</createdTime>
<comment>Gender - M/F</comment>
<commentInRDBMS>Gender - M/F</commentInRDBMS>
<generatorID>99EB0FD0-F4FC-503D-20A3-865AB5F7930C</generatorID>
<ownerDesignName>monashDrones</ownerDesignName>
<constraintName>cust_gender_constraint</constraintName>
<useDomainConstraints>false</useDomainConstraints>
<use>1</use>
<logicalDatatype>LOGDT025</logicalDatatype>
<dataTypeSize>1</dataTypeSize>
<listOfValues>
<valueDef value="F" description="Female"/>
<valueDef value="M" description="Male"/>
</listOfValues>
<ownDataTypeParameters>1,,</ownDataTypeParameters>
<autoIncrementCycle>false</autoIncrementCycle>
</Column>
<Column name="cust_age_range" id="AAFED4AA-6EC9-A46C-672B-0EC19C536E76">
<createdBy>HP</createdBy>
<createdTime>2019-04-25 02:11:30 UTC</createdTime>
<comment>Age range of customer</comment>
<commentInRDBMS>Age range of customer</commentInRDBMS>
<generatorID>25640D62-DC5E-B0B7-6611-5B4ED5F38B1D</generatorID>
<ownerDesignName>monashDrones</ownerDesignName>
<constraintName>cust_age_range_constraint</constraintName>
<useDomainConstraints>false</useDomainConstraints>
<use>1</use>
<logicalDatatype>LOGDT019</logicalDatatype>
<dataTypePrecision>3</dataTypePrecision>
<ownDataTypeParameters>,3,</ownDataTypeParameters>
<autoIncrementCycle>false</autoIncrementCycle>
<listOfRanges>
<rangeDef class="oracle.dbtools.crest.model.design.constraint.AVT">
<beginValue>18</beginValue>
<endValue>24</endValue>
<description>Age between 18-24</description>
</rangeDef>
<rangeDef class="oracle.dbtools.crest.model.design.constraint.AVT">
<beginValue>25</beginValue>
<endValue>34</endValue>
<description>Age between 25-34</description>
</rangeDef>
<rangeDef class="oracle.dbtools.crest.model.design.constraint.AVT">
<beginValue>35</beginValue>
<endValue>44</endValue>
<description>Age between 35-44</description>
</rangeDef>
<rangeDef class="oracle.dbtools.crest.model.design.constraint.AVT">
<beginValue>45</beginValue>
<endValue>60</endValue>
<description>Age between 45-60</description>
</rangeDef>
<rangeDef class="oracle.dbtools.crest.model.design.constraint.AVT">
<beginValue>61</beginValue>
<endValue>80</endValue>
<description>Age between 61-80</description>
</rangeDef>
<rangeDef class="oracle.dbtools.crest.model.design.constraint.AVT">
<beginValue>81</beginValue>
<endValue>100</endValue>
<description>Age between 81-100</description>
</rangeDef>
</listOfRanges>
</Column>
</columns>
<indexes itemClass="oracle.dbtools.crest.model.design.relational.Index">
<ind_PK_UK id="F873089B-0A4E-7098-7910-01F610991332" name="INDIVIDUAL_PK">
<createdBy>HP</createdBy>
<createdTime>2019-04-25 02:11:30 UTC</createdTime>
<generatorID>DECC74F1-60F2-A9F1-0675-3CE556AFC346</generatorID>
<ownerDesignName>monashDrones</ownerDesignName>
<pk>true</pk>
<indexState>Primary Constraint</indexState>
<isSurrogateKey>false</isSurrogateKey>
<indexColumnUsage>
<colUsage columnID="5EC9194F-1107-1E21-825C-50C4A75D2906"/>
</indexColumnUsage>
</ind_PK_UK>
<ind_PK_UK id="77C1BB75-ABB9-FF70-1F38-EE26BC3400C3" name="FK_INDIVIDUAL_CUSTOMER">
<createdBy>HP</createdBy>
<createdTime>2019-04-25 02:11:30 UTC</createdTime>
<generatorID>8F6FE770-7455-7C88-45E1-0B65E04DD6E3</generatorID>
<ownerDesignName>monashDrones</ownerDesignName>
<indexState>Foreign Key</indexState>
<isSurrogateKey>false</isSurrogateKey>
<indexColumnUsage>
<colUsage columnID="5EC9194F-1107-1E21-825C-50C4A75D2906"/>
</indexColumnUsage>
</ind_PK_UK>
</indexes>
</Table>