<?xml version = '1.0' encoding = 'UTF-8'?>
<Table class="oracle.dbtools.crest.model.design.relational.Table" directorySegmentName="seg_0" id="9C6E57D9-1C07-D1A1-5720-437837C0E75A" name="DRONE_FOR_RENT">
<createdBy>HP</createdBy>
<createdTime>2019-04-25 02:11:30 UTC</createdTime>
<generatorID>B6561B4A-C975-6835-C9AD-0C4F7C427446</generatorID>
<ownerDesignName>monashDrones</ownerDesignName>
<allowColumnReorder>false</allowColumnReorder>
<existDependencyGenerateInDDl>true</existDependencyGenerateInDDl>
<parsed>true</parsed>
<columns itemClass="oracle.dbtools.crest.model.design.relational.Column">
<Column name="drone_id" id="0197D25F-94C1-CCE2-8E1C-8EF6625514F3">
<createdBy>HP</createdBy>
<createdTime>2019-04-25 02:11:30 UTC</createdTime>
<comment>Drone ID idetifies a unique drone.</comment>
<commentInRDBMS>Drone ID idetifies a unique drone.</commentInRDBMS>
<generatorID>79A31441-8880-CC99-9D54-689B2A97FD00</generatorID>
<ownerDesignName>monashDrones</ownerDesignName>
<useDomainConstraints>false</useDomainConstraints>
<use>1</use>
<logicalDatatype>LOGDT019</logicalDatatype>
<dataTypePrecision>7</dataTypePrecision>
<ownDataTypeParameters>,7,</ownDataTypeParameters>
<autoIncrementCycle>false</autoIncrementCycle>
<associations>
<colAssociation fkAssociation="281C3650-39C9-954A-67BC-09AD04B7091B" referredColumn="27184D50-6A1A-7323-0E8F-E144CBA329D1"/>
</associations>
</Column>
<Column name="rental_hour_rate" id="41A1585A-E44C-81E2-AD6C-462E760BA797">
<createdBy>HP</createdBy>
<createdTime>2019-04-25 02:11:30 UTC</createdTime>
<comment>Rental hourly rate for a drone</comment>
<commentInRDBMS>Rental hourly rate for a drone</commentInRDBMS>
<generatorID>C1918517-E0D7-5E5F-5D5A-E39FAF95824A</generatorID>
<ownerDesignName>monashDrones</ownerDesignName>
<useDomainConstraints>false</useDomainConstraints>
<use>1</use>
<logicalDatatype>LOGDT019</logicalDatatype>
<dataTypePrecision>7</dataTypePrecision>
<dataTypeScale>2</dataTypeScale>
<ownDataTypeParameters>,7,2</ownDataTypeParameters>
<autoIncrementCycle>false</autoIncrementCycle>
</Column>
<Column name="late_penalty_rate" id="C881BD5D-E64D-75DB-1BD5-52EF6CB2B2B3">
<createdBy>HP</createdBy>
<createdTime>2019-04-25 02:11:30 UTC</createdTime>
<comment>Late penalty rate is charged to customers when they return the drone after the expected date and return time. </comment>
<commentInRDBMS>Late penalty rate is charged to customers when they return the drone after the expected date and return time. </commentInRDBMS>
<generatorID>17B34DF5-A043-01FB-9615-1365087FB977</generatorID>
<ownerDesignName>monashDrones</ownerDesignName>
<useDomainConstraints>false</useDomainConstraints>
<use>1</use>
<logicalDatatype>LOGDT019</logicalDatatype>
<dataTypePrecision>7</dataTypePrecision>
<dataTypeScale>2</dataTypeScale>
<ownDataTypeParameters>,7,2</ownDataTypeParameters>
<autoIncrementCycle>false</autoIncrementCycle>
</Column>
</columns>
<indexes itemClass="oracle.dbtools.crest.model.design.relational.Index">
<ind_PK_UK id="B2D4C589-782D-806D-A577-9B7C05EB3179" name="DRONE_FOR_RENT_PK">
<createdBy>HP</createdBy>
<createdTime>2019-04-25 02:11:30 UTC</createdTime>
<generatorID>43CB8EEB-CE41-2770-32E4-E21A1007BC8E</generatorID>
<ownerDesignName>monashDrones</ownerDesignName>
<pk>true</pk>
<indexState>Primary Constraint</indexState>
<isSurrogateKey>false</isSurrogateKey>
<indexColumnUsage>
<colUsage columnID="0197D25F-94C1-CCE2-8E1C-8EF6625514F3"/>
</indexColumnUsage>
</ind_PK_UK>
<ind_PK_UK id="D5732668-F3E7-6A2A-AFD1-81CFA8551FC9" name="FK_DRONE_DRONE_FOR_RENT">
<createdBy>HP</createdBy>
<createdTime>2019-04-25 02:11:30 UTC</createdTime>
<generatorID>5C90F030-3830-B9C4-DEB9-BD648BD943B4</generatorID>
<ownerDesignName>monashDrones</ownerDesignName>
<indexState>Foreign Key</indexState>
<isSurrogateKey>false</isSurrogateKey>
<indexColumnUsage>
<colUsage columnID="0197D25F-94C1-CCE2-8E1C-8EF6625514F3"/>
</indexColumnUsage>
</ind_PK_UK>
</indexes>
</Table>