<?xml version = '1.0' encoding = 'UTF-8'?>
<Table class="oracle.dbtools.crest.model.design.relational.Table" directorySegmentName="seg_0" id="9ED83B58-47CD-8833-586B-F46FA0508268" name="DRONE">
<createdBy>HP</createdBy>
<createdTime>2019-04-25 02:11:30 UTC</createdTime>
<generatorID>35A11993-304E-D239-C6D5-D3883C30EBD9</generatorID>
<ownerDesignName>monashDrones</ownerDesignName>
<allowColumnReorder>false</allowColumnReorder>
<existDependencyGenerateInDDl>true</existDependencyGenerateInDDl>
<parsed>true</parsed>
<columns itemClass="oracle.dbtools.crest.model.design.relational.Column">
<Column name="drone_id" id="27184D50-6A1A-7323-0E8F-E144CBA329D1">
<createdBy>HP</createdBy>
<createdTime>2019-04-25 02:11:30 UTC</createdTime>
<comment>Drone ID idetifies a unique drone.</comment>
<commentInRDBMS>Drone ID idetifies a unique drone.</commentInRDBMS>
<generatorID>79A31441-8880-CC99-9D54-689B2A97FD00</generatorID>
<ownerDesignName>monashDrones</ownerDesignName>
<useDomainConstraints>false</useDomainConstraints>
<use>1</use>
<logicalDatatype>LOGDT019</logicalDatatype>
<dataTypePrecision>7</dataTypePrecision>
<ownDataTypeParameters>,7,</ownDataTypeParameters>
<autoIncrementColumn>true</autoIncrementColumn>
<autoIncrementStartWith>100</autoIncrementStartWith>
<autoIncrementCycle>false</autoIncrementCycle>
<autoIncrementSequenceName>drone_id_sequence</autoIncrementSequenceName>
<autoIncrementGenerateTrigger>false</autoIncrementGenerateTrigger>
</Column>
<Column name="platform" id="BC4F0B4E-5963-6F2D-1BBB-899101727FD4">
<createdBy>HP</createdBy>
<createdTime>2019-04-25 02:11:30 UTC</createdTime>
<comment>platform used by the drones. </comment>
<commentInRDBMS>platform used by the drones. </commentInRDBMS>
<generatorID>46311A71-B7A5-E44A-4073-F1DD6504AC3D</generatorID>
<ownerDesignName>monashDrones</ownerDesignName>
<useDomainConstraints>false</useDomainConstraints>
<use>1</use>
<logicalDatatype>LOGDT024</logicalDatatype>
<dataTypeSize>50</dataTypeSize>
<ownDataTypeParameters>50,,</ownDataTypeParameters>
<autoIncrementCycle>false</autoIncrementCycle>
</Column>
<Column name="range" id="1E7E3907-4CC3-E313-841C-968D8FC2F60A">
<createdBy>HP</createdBy>
<createdTime>2019-04-25 02:11:30 UTC</createdTime>
<comment>Range is the flying distance capacity of a dorne in meters. </comment>
<commentInRDBMS>Range is the flying distance capacity of a dorne in meters. </commentInRDBMS>
<generatorID>BDF02A04-C94C-9880-1B2E-5E976BBAED4B</generatorID>
<ownerDesignName>monashDrones</ownerDesignName>
<useDomainConstraints>false</useDomainConstraints>
<use>1</use>
<logicalDatatype>LOGDT019</logicalDatatype>
<dataTypePrecision>7</dataTypePrecision>
<dataTypeScale>2</dataTypeScale>
<ownDataTypeParameters>,7,2</ownDataTypeParameters>
<autoIncrementCycle>false</autoIncrementCycle>
</Column>
<Column name="manufacture_date" id="1AFC74EC-5763-F7E1-0C4A-268C17F6B225">
<createdBy>HP</createdBy>
<createdTime>2019-04-25 02:11:30 UTC</createdTime>
<comment>Manufacture date of the drone. </comment>
<commentInRDBMS>Manufacture date of the drone. </commentInRDBMS>
<generatorID>EA1DDE37-63A9-B63F-BE0E-2949A4B4089E</generatorID>
<ownerDesignName>monashDrones</ownerDesignName>
<useDomainConstraints>false</useDomainConstraints>
<use>1</use>
<logicalDatatype>LOGDT007</logicalDatatype>
<ownDataTypeParameters>,,</ownDataTypeParameters>
<autoIncrementCycle>false</autoIncrementCycle>
</Column>
<Column name="RPL_required" id="6E4C790B-7FBC-332D-1747-EBF2A4B70292">
<createdBy>HP</createdBy>
<createdTime>2019-04-25 02:11:30 UTC</createdTime>
<comment>If Remote Pilot Licence (RPL) is required for the drone (Y/S).</comment>
<commentInRDBMS>If Remote Pilot Licence (RPL) is required for the drone (Y/S).</commentInRDBMS>
<generatorID>AA9614A9-8218-9663-FD4A-C7EE06AA4A8F</generatorID>
<ownerDesignName>monashDrones</ownerDesignName>
<constraintName>RPL_required_constraint</constraintName>
<useDomainConstraints>false</useDomainConstraints>
<use>1</use>
<logicalDatatype>LOGDT025</logicalDatatype>
<dataTypeSize>1</dataTypeSize>
<listOfValues>
<valueDef value="N" description="RPL required"/>
<valueDef value="Y" description="RPL required"/>
</listOfValues>
<ownDataTypeParameters>1,,</ownDataTypeParameters>
<autoIncrementCycle>false</autoIncrementCycle>
</Column>
<Column name="drone_for_rent" id="BEA35199-ADEE-EAA4-5787-79A97C6EE9E0">
<createdBy>HP</createdBy>
<createdTime>2019-04-25 02:11:30 UTC</createdTime>
<comment>If the drone is for rent (Y/N)</comment>
<commentInRDBMS>If the drone is for rent (Y/N)</commentInRDBMS>
<generatorID>B1EB3CCA-D20A-DBF5-CE9F-FCDDB388E913</generatorID>
<ownerDesignName>monashDrones</ownerDesignName>
<constraintName>drone_for_rent_constraint</constraintName>
<useDomainConstraints>false</useDomainConstraints>
<use>1</use>
<logicalDatatype>LOGDT025</logicalDatatype>
<dataTypeSize>1</dataTypeSize>
<listOfValues>
<valueDef value="N" description="Drone is not for rent"/>
<valueDef value="Y" description="Drone is for rent"/>
</listOfValues>
<ownDataTypeParameters>1,,</ownDataTypeParameters>
<autoIncrementCycle>false</autoIncrementCycle>
</Column>
<Column name="drone_for_sale" id="749E5A1B-3E71-996A-EDDD-B56F5678B8FF">
<createdBy>HP</createdBy>
<createdTime>2019-04-25 02:11:30 UTC</createdTime>
<comment>If the drone is for sale (Y/N).</comment>
<commentInRDBMS>If the drone is for sale (Y/N).</commentInRDBMS>
<generatorID>53DC8574-648B-C892-4C99-0FD9F957BB4B</generatorID>
<ownerDesignName>monashDrones</ownerDesignName>
<constraintName>drone_for_sale_constraing</constraintName>
<useDomainConstraints>false</useDomainConstraints>
<use>1</use>
<logicalDatatype>LOGDT025</logicalDatatype>
<dataTypeSize>1</dataTypeSize>
<listOfValues>
<valueDef value="N" description="Drone is not for sale"/>
<valueDef value="Y" description="Drone is for sale"/>
</listOfValues>
<ownDataTypeParameters>1,,</ownDataTypeParameters>
<autoIncrementCycle>false</autoIncrementCycle>
</Column>
<Column name="supplier_id" id="7125A768-4A12-A31E-44F5-02F41A1B0B00">
<createdBy>HP</createdBy>
<createdTime>2019-04-25 02:11:30 UTC</createdTime>
<comment>Supplier&apos;s ID</comment>
<commentInRDBMS>Supplier&apos;s ID</commentInRDBMS>
<generatorID>52EBE308-DF2A-936B-EAE5-EDB18A5A34EF</generatorID>
<ownerDesignName>monashDrones</ownerDesignName>
<useDomainConstraints>false</useDomainConstraints>
<use>1</use>
<logicalDatatype>LOGDT019</logicalDatatype>
<ownDataTypeParameters>,,</ownDataTypeParameters>
<previousColumn>false</previousColumn>
<autoIncrementCycle>false</autoIncrementCycle>
<associations>
<colAssociation fkAssociation="63374A4E-258F-B7AE-4CDE-74E5F37C5E7A" referredColumn="C2AF1546-5C16-CB77-71E9-312B1595D3CD"/>
</associations>
</Column>
</columns>
<indexes itemClass="oracle.dbtools.crest.model.design.relational.Index">
<ind_PK_UK id="6C1FC0CF-6F36-DCDB-E138-9EFAF2C4DB08" name="DRONE_PK">
<createdBy>HP</createdBy>
<createdTime>2019-04-25 02:11:30 UTC</createdTime>
<generatorID>43CB8EEB-CE41-2770-32E4-E21A1007BC8E</generatorID>
<ownerDesignName>monashDrones</ownerDesignName>
<pk>true</pk>
<indexState>Primary Constraint</indexState>
<isSurrogateKey>false</isSurrogateKey>
<indexColumnUsage>
<colUsage columnID="27184D50-6A1A-7323-0E8F-E144CBA329D1"/>
</indexColumnUsage>
</ind_PK_UK>
<ind_PK_UK id="BDE83C31-98F3-E6BC-9052-BBAA1F6C8005" name="SUPPLIER_SUPPLIES_DRONE">
<createdBy>HP</createdBy>
<createdTime>2019-04-25 02:11:30 UTC</createdTime>
<generatorID>C3299A63-4FCA-4E8E-6E9A-3895C1E2E070</generatorID>
<ownerDesignName>monashDrones</ownerDesignName>
<indexState>Foreign Key</indexState>
<isSurrogateKey>false</isSurrogateKey>
<indexColumnUsage>
<colUsage columnID="7125A768-4A12-A31E-44F5-02F41A1B0B00"/>
</indexColumnUsage>
</ind_PK_UK>
</indexes>
</Table>