<?xml version = '1.0' encoding = 'UTF-8'?>
<Table class="oracle.dbtools.crest.model.design.relational.Table" directorySegmentName="seg_0" id="FAB06112-8C91-EE51-F020-D860E129E8DD" name="SUPPLIER">
<createdBy>HP</createdBy>
<createdTime>2019-04-25 02:11:30 UTC</createdTime>
<generatorID>2B6A6414-4579-F3EB-C1F0-722F5DE6AA0F</generatorID>
<ownerDesignName>monashDrones</ownerDesignName>
<allowColumnReorder>false</allowColumnReorder>
<existDependencyGenerateInDDl>true</existDependencyGenerateInDDl>
<parsed>true</parsed>
<columns itemClass="oracle.dbtools.crest.model.design.relational.Column">
<Column name="supplier_id" id="C2AF1546-5C16-CB77-71E9-312B1595D3CD">
<createdBy>HP</createdBy>
<createdTime>2019-04-25 02:11:30 UTC</createdTime>
<comment>Supplier&apos;s ID</comment>
<commentInRDBMS>Supplier&apos;s ID</commentInRDBMS>
<generatorID>9FC45D14-BF2F-F7F5-5FAD-E0608CF610BE</generatorID>
<ownerDesignName>monashDrones</ownerDesignName>
<useDomainConstraints>false</useDomainConstraints>
<use>1</use>
<logicalDatatype>LOGDT019</logicalDatatype>
<ownDataTypeParameters>,,</ownDataTypeParameters>
<autoIncrementColumn>true</autoIncrementColumn>
<autoIncrementStartWith>100</autoIncrementStartWith>
<autoIncrementCycle>false</autoIncrementCycle>
<autoIncrementSequenceName>supplier_id_sequence</autoIncrementSequenceName>
<autoIncrementGenerateTrigger>false</autoIncrementGenerateTrigger>
</Column>
<Column name="contact_no" id="751D2EA1-7FD2-3EEE-C1C7-411072CCE0AC">
<createdBy>HP</createdBy>
<createdTime>2019-04-25 02:11:30 UTC</createdTime>
<comment>Supplier contact number.</comment>
<commentInRDBMS>Supplier contact number.</commentInRDBMS>
<generatorID>767240D7-DB29-74FE-30BA-B6CDA33156F3</generatorID>
<ownerDesignName>monashDrones</ownerDesignName>
<useDomainConstraints>false</useDomainConstraints>
<use>1</use>
<logicalDatatype>LOGDT025</logicalDatatype>
<dataTypeSize>10</dataTypeSize>
<ownDataTypeParameters>10,,</ownDataTypeParameters>
<autoIncrementCycle>false</autoIncrementCycle>
</Column>
<Column name="address" id="E563D48B-895F-05B5-D0D7-EC2ED81D6AC7">
<createdBy>HP</createdBy>
<createdTime>2019-04-25 02:11:30 UTC</createdTime>
<comment>Supplier&apos;s Address</comment>
<commentInRDBMS>Supplier&apos;s Address</commentInRDBMS>
<generatorID>D7F38A2E-6791-D1A4-E6B0-B128F563DA1B</generatorID>
<ownerDesignName>monashDrones</ownerDesignName>
<useDomainConstraints>false</useDomainConstraints>
<use>1</use>
<logicalDatatype>LOGDT024</logicalDatatype>
<dataTypeSize>50</dataTypeSize>
<ownDataTypeParameters>50,,</ownDataTypeParameters>
<autoIncrementCycle>false</autoIncrementCycle>
</Column>
</columns>
<indexes itemClass="oracle.dbtools.crest.model.design.relational.Index">
<ind_PK_UK id="5618978C-3B78-53EF-90CB-53A4B4CF36BD" name="SUPPLIER_PK">
<createdBy>HP</createdBy>
<createdTime>2019-04-25 02:11:30 UTC</createdTime>
<generatorID>0405CD0D-3BB5-8269-9175-E598BC631E37</generatorID>
<ownerDesignName>monashDrones</ownerDesignName>
<pk>true</pk>
<indexState>Primary Constraint</indexState>
<isSurrogateKey>false</isSurrogateKey>
<indexColumnUsage>
<colUsage columnID="C2AF1546-5C16-CB77-71E9-312B1595D3CD"/>
</indexColumnUsage>
</ind_PK_UK>
<ind_PK_UK id="CA3DC9DD-97BA-6E74-98B0-859D363D786B" name="NK_Supplier">
<createdBy>HP</createdBy>
<createdTime>2019-04-25 02:11:30 UTC</createdTime>
<generatorID>D76E18E4-5615-4427-DEC4-D535F3FE81A1</generatorID>
<ownerDesignName>monashDrones</ownerDesignName>
<indexState>Unique Constraint</indexState>
<isSurrogateKey>false</isSurrogateKey>
<indexColumnUsage>
<colUsage columnID="751D2EA1-7FD2-3EEE-C1C7-411072CCE0AC"/>
</indexColumnUsage>
</ind_PK_UK>
</indexes>
</Table>