<?xml version = '1.0' encoding = 'UTF-8'?>
<Table class="oracle.dbtools.crest.model.design.relational.Table" directorySegmentName="seg_0" id="FAE396DF-27D1-AA30-C022-5DE80428BE39" name="TRAINING_ACTIVITY">
<createdBy>HP</createdBy>
<createdTime>2019-04-25 02:11:30 UTC</createdTime>
<generatorID>6A34C3E3-3C1F-BC7E-5E12-AF5EAF64F82C</generatorID>
<ownerDesignName>monashDrones</ownerDesignName>
<allowColumnReorder>false</allowColumnReorder>
<existDependencyGenerateInDDl>true</existDependencyGenerateInDDl>
<parsed>true</parsed>
<columns itemClass="oracle.dbtools.crest.model.design.relational.Column">
<Column name="training_id" id="665D336F-9BA5-8DB4-B679-6160CD3CF74E">
<createdBy>HP</createdBy>
<createdTime>2019-04-25 02:11:30 UTC</createdTime>
<comment>Surrogate key for training activity.</comment>
<commentInRDBMS>Surrogate key for training activity.</commentInRDBMS>
<generatorID>4801F6E5-EA45-9265-1417-9166B00C42C5</generatorID>
<ownerDesignName>monashDrones</ownerDesignName>
<useDomainConstraints>false</useDomainConstraints>
<use>1</use>
<logicalDatatype>LOGDT019</logicalDatatype>
<dataTypePrecision>7</dataTypePrecision>
<ownDataTypeParameters>,7,</ownDataTypeParameters>
<autoIncrementColumn>true</autoIncrementColumn>
<autoIncrementStartWith>100</autoIncrementStartWith>
<autoIncrementCycle>false</autoIncrementCycle>
<autoIncrementSequenceName>training_id_sequence</autoIncrementSequenceName>
<autoIncrementGenerateTrigger>false</autoIncrementGenerateTrigger>
</Column>
<Column name="emp_id" id="0007F4CF-CC3A-957F-8B9A-240B3B3EFC5B">
<createdBy>HP</createdBy>
<createdTime>2019-04-25 02:11:30 UTC</createdTime>
<comment>Unique identifier for each employee.</comment>
<commentInRDBMS>Unique identifier for each employee.</commentInRDBMS>
<generatorID>55D7051F-6C20-E6F9-21ED-CAA3953DF16A</generatorID>
<ownerDesignName>monashDrones</ownerDesignName>
<useDomainConstraints>false</useDomainConstraints>
<use>1</use>
<logicalDatatype>LOGDT019</logicalDatatype>
<dataTypePrecision>7</dataTypePrecision>
<ownDataTypeParameters>,7,</ownDataTypeParameters>
<previousColumn>false</previousColumn>
<autoIncrementCycle>false</autoIncrementCycle>
<associations>
<colAssociation fkAssociation="C6459619-60E1-3813-EE41-E2C9710B7125" referredColumn="1452F805-A32C-5228-C80A-20D75A56D85D"/>
</associations>
</Column>
<Column name="cust_id" id="893B0EFC-43ED-D1DC-0E31-6AB3642F5EB3">
<createdBy>HP</createdBy>
<createdTime>2019-04-25 02:11:30 UTC</createdTime>
<comment>unique identifier for a customer.</comment>
<commentInRDBMS>unique identifier for a customer.</commentInRDBMS>
<generatorID>54277A13-A168-AF7D-5C15-17A11DAA5666</generatorID>
<ownerDesignName>monashDrones</ownerDesignName>
<useDomainConstraints>false</useDomainConstraints>
<use>1</use>
<logicalDatatype>LOGDT019</logicalDatatype>
<dataTypePrecision>7</dataTypePrecision>
<ownDataTypeParameters>,7,</ownDataTypeParameters>
<previousColumn>false</previousColumn>
<autoIncrementCycle>false</autoIncrementCycle>
<associations>
<colAssociation fkAssociation="87BF1AB8-AED3-99B4-CCD9-0A0F6531CD2D" referredColumn="1F1542B9-9CF3-0401-67EC-C4124E940DC4"/>
</associations>
</Column>
<Column name="training_date_time" id="9487F3A4-99B7-0A04-C163-0D3036FB9FB4">
<createdBy>HP</createdBy>
<createdTime>2019-04-25 02:11:30 UTC</createdTime>
<comment>Date and time the activity takes place.</comment>
<commentInRDBMS>Date and time the activity takes place.</commentInRDBMS>
<generatorID>F3EC7B2E-75BC-EB91-49AF-0AFE6EF4C43D</generatorID>
<ownerDesignName>monashDrones</ownerDesignName>
<useDomainConstraints>false</useDomainConstraints>
<use>1</use>
<logicalDatatype>LOGDT007</logicalDatatype>
<ownDataTypeParameters>,,</ownDataTypeParameters>
<autoIncrementCycle>false</autoIncrementCycle>
</Column>
<Column name="drone_id" id="BFC6F27D-125C-D423-F051-6C71C1A9D914">
<createdBy>HP</createdBy>
<createdTime>2019-04-25 02:11:30 UTC</createdTime>
<comment>Drone ID idetifies a unique drone.</comment>
<commentInRDBMS>Drone ID idetifies a unique drone.</commentInRDBMS>
<generatorID>3CD3298D-FCCA-0096-96DC-2A0ED32DC3EA</generatorID>
<ownerDesignName>monashDrones</ownerDesignName>
<useDomainConstraints>false</useDomainConstraints>
<use>1</use>
<logicalDatatype>LOGDT019</logicalDatatype>
<dataTypePrecision>7</dataTypePrecision>
<ownDataTypeParameters>,7,</ownDataTypeParameters>
<previousColumn>false</previousColumn>
<autoIncrementCycle>false</autoIncrementCycle>
<associations>
<colAssociation fkAssociation="9E5DE784-6640-CAD1-A097-A3E1F3C7051F" referredColumn="27184D50-6A1A-7323-0E8F-E144CBA329D1"/>
</associations>
</Column>
<Column name="training_duration" id="DA8B6A9F-B32C-3AFB-F5D5-525BEC755D71">
<createdBy>HP</createdBy>
<createdTime>2019-04-25 02:11:30 UTC</createdTime>
<comment>Duration of the activities in hours. </comment>
<commentInRDBMS>Duration of the activities in hours. </commentInRDBMS>
<generatorID>22AAAB6B-4B8F-9115-7D96-F41D61E5C6E7</generatorID>
<ownerDesignName>monashDrones</ownerDesignName>
<useDomainConstraints>false</useDomainConstraints>
<use>1</use>
<logicalDatatype>LOGDT019</logicalDatatype>
<dataTypePrecision>5</dataTypePrecision>
<dataTypeScale>2</dataTypeScale>
<ownDataTypeParameters>,5,2</ownDataTypeParameters>
<autoIncrementCycle>false</autoIncrementCycle>
</Column>
<Column name="special_instructions" id="9A06327A-0B02-197F-3458-A0C8FAFB6EB3">
<createdBy>HP</createdBy>
<createdTime>2019-04-25 02:11:30 UTC</createdTime>
<comment>Employees may complete special tasks while conducting the training. </comment>
<commentInRDBMS>Employees may complete special tasks while conducting the training. </commentInRDBMS>
<generatorID>500BD109-7528-895F-C2F6-24A6A88A6515</generatorID>
<ownerDesignName>monashDrones</ownerDesignName>
<nullsAllowed>true</nullsAllowed>
<useDomainConstraints>false</useDomainConstraints>
<use>1</use>
<logicalDatatype>LOGDT024</logicalDatatype>
<dataTypeSize>150</dataTypeSize>
<ownDataTypeParameters>150,,</ownDataTypeParameters>
<autoIncrementCycle>false</autoIncrementCycle>
</Column>
</columns>
<indexes itemClass="oracle.dbtools.crest.model.design.relational.Index">
<ind_PK_UK id="10D84E15-7600-0B95-1859-40E621676F40" name="TRAINIG_ACTIVITY_PK">
<createdBy>HP</createdBy>
<createdTime>2019-04-25 02:11:30 UTC</createdTime>
<generatorID>EEAE3D36-D0C3-E4E8-5461-5898B18108D3</generatorID>
<ownerDesignName>monashDrones</ownerDesignName>
<pk>true</pk>
<indexState>Primary Constraint</indexState>
<isSurrogateKey>false</isSurrogateKey>
<indexColumnUsage>
<colUsage columnID="665D336F-9BA5-8DB4-B679-6160CD3CF74E"/>
</indexColumnUsage>
</ind_PK_UK>
<ind_PK_UK id="E0B2DACC-903A-D140-01F3-D8F81B74562A" name="NK_training_activity">
<createdBy>HP</createdBy>
<createdTime>2019-04-25 02:11:30 UTC</createdTime>
<generatorID>6A8AE685-3796-3D8D-DEA4-B74706A28392</generatorID>
<ownerDesignName>monashDrones</ownerDesignName>
<indexState>Unique Constraint</indexState>
<isSurrogateKey>false</isSurrogateKey>
<indexColumnUsage>
<colUsage columnID="0007F4CF-CC3A-957F-8B9A-240B3B3EFC5B"/>
<colUsage columnID="893B0EFC-43ED-D1DC-0E31-6AB3642F5EB3"/>
<colUsage columnID="9487F3A4-99B7-0A04-C163-0D3036FB9FB4"/>
</indexColumnUsage>
</ind_PK_UK>
<ind_PK_UK id="69741EC0-A5BD-4F20-C4ED-71AFA47E4B2B" name="CUSTOMER_REQUESTS_TRAINING">
<createdBy>HP</createdBy>
<createdTime>2019-04-25 02:11:30 UTC</createdTime>
<generatorID>0C25AFA1-5793-D505-BD70-6ED6198B7863</generatorID>
<ownerDesignName>monashDrones</ownerDesignName>
<indexState>Foreign Key</indexState>
<isSurrogateKey>false</isSurrogateKey>
<indexColumnUsage>
<colUsage columnID="893B0EFC-43ED-D1DC-0E31-6AB3642F5EB3"/>
</indexColumnUsage>
</ind_PK_UK>
<ind_PK_UK id="766C2535-3201-2EF0-7B10-BA2A8FBE1BC8" name="DRONE_USED_FOR_TRAINING">
<createdBy>HP</createdBy>
<createdTime>2019-04-25 02:11:30 UTC</createdTime>
<generatorID>BBBC012E-797A-6DFE-D38B-B39BF30FFE42</generatorID>
<ownerDesignName>monashDrones</ownerDesignName>
<indexState>Foreign Key</indexState>
<isSurrogateKey>false</isSurrogateKey>
<indexColumnUsage>
<colUsage columnID="BFC6F27D-125C-D423-F051-6C71C1A9D914"/>
</indexColumnUsage>
</ind_PK_UK>
<ind_PK_UK id="A182C31E-6834-7E0D-1909-82D8EF164658" name="EMPLOYEE_CARRIES_OUT_TRAINING">
<createdBy>HP</createdBy>
<createdTime>2019-04-25 02:11:30 UTC</createdTime>
<generatorID>6301B988-4321-5329-C11F-C6C05C6377D1</generatorID>
<ownerDesignName>monashDrones</ownerDesignName>
<indexState>Foreign Key</indexState>
<isSurrogateKey>false</isSurrogateKey>
<indexColumnUsage>
<colUsage columnID="0007F4CF-CC3A-957F-8B9A-240B3B3EFC5B"/>
</indexColumnUsage>
</ind_PK_UK>
</indexes>
</Table>