<?xml version = '1.0' encoding = 'UTF-8'?>
<Table class="oracle.dbtools.crest.model.design.relational.Table" directorySegmentName="seg_0" id="FCD640A0-F222-98A5-BDF1-411CB188D75F" name="LOAN_LINE">
<createdBy>HP</createdBy>
<createdTime>2019-04-25 02:11:30 UTC</createdTime>
<generatorID>54D757D3-45F7-9BE1-40EA-5AADCC35F390</generatorID>
<ownerDesignName>monashDrones</ownerDesignName>
<allowColumnReorder>false</allowColumnReorder>
<existDependencyGenerateInDDl>true</existDependencyGenerateInDDl>
<parsed>true</parsed>
<columns itemClass="oracle.dbtools.crest.model.design.relational.Column">
<Column name="loan_id" id="5F38C849-FF90-2F65-8DCE-2286F2940627">
<createdBy>HP</createdBy>
<createdTime>2019-04-25 02:11:30 UTC</createdTime>
<comment>LOAN ID is unique to every loan they place.. </comment>
<commentInRDBMS>LOAN ID is unique to every loan they place.. </commentInRDBMS>
<generatorID>C2C8AEFF-7D30-1BF2-6454-DA8B16C573AE</generatorID>
<ownerDesignName>monashDrones</ownerDesignName>
<useDomainConstraints>false</useDomainConstraints>
<use>1</use>
<logicalDatatype>LOGDT019</logicalDatatype>
<dataTypePrecision>7</dataTypePrecision>
<ownDataTypeParameters>,7,</ownDataTypeParameters>
<previousColumn>false</previousColumn>
<autoIncrementCycle>false</autoIncrementCycle>
<associations>
<colAssociation fkAssociation="52DB7058-CE9B-46EC-B40D-D8493501D007" referredColumn="5724D3CA-EE11-184E-062A-6299F46FF35A"/>
</associations>
</Column>
<Column name="drone_id" id="E3FFCD2D-AC2B-C68F-C60B-0852AB576E05">
<createdBy>HP</createdBy>
<createdTime>2019-04-25 02:11:30 UTC</createdTime>
<comment>Drone ID idetifies a unique drone.</comment>
<commentInRDBMS>Drone ID idetifies a unique drone.</commentInRDBMS>
<generatorID>F91DA922-FC6A-CB27-8CBF-FC4BCBACB0E7</generatorID>
<ownerDesignName>monashDrones</ownerDesignName>
<useDomainConstraints>false</useDomainConstraints>
<use>1</use>
<logicalDatatype>LOGDT019</logicalDatatype>
<dataTypePrecision>7</dataTypePrecision>
<ownDataTypeParameters>,7,</ownDataTypeParameters>
<previousColumn>false</previousColumn>
<autoIncrementCycle>false</autoIncrementCycle>
<associations>
<colAssociation fkAssociation="EA0A5F10-5548-96F8-5E5E-603CEDBEBBA8" referredColumn="0197D25F-94C1-CCE2-8E1C-8EF6625514F3"/>
</associations>
</Column>
</columns>
<indexes itemClass="oracle.dbtools.crest.model.design.relational.Index">
<ind_PK_UK id="FC823458-64DA-7B7A-A282-3264366034E1" name="LOAN_LINE_PK">
<createdBy>HP</createdBy>
<createdTime>2019-04-25 02:11:30 UTC</createdTime>
<generatorID>827D54BA-C6C1-49F4-F612-84C0066D1C7B</generatorID>
<ownerDesignName>monashDrones</ownerDesignName>
<pk>true</pk>
<indexState>Primary Constraint</indexState>
<isSurrogateKey>false</isSurrogateKey>
<indexColumnUsage>
<colUsage columnID="E3FFCD2D-AC2B-C68F-C60B-0852AB576E05"/>
<colUsage columnID="5F38C849-FF90-2F65-8DCE-2286F2940627"/>
</indexColumnUsage>
</ind_PK_UK>
<ind_PK_UK id="19A901D6-E7A8-997D-7B58-7FE342D6FB0F" name="DRONE_HAS_LOAN_LINE">
<createdBy>HP</createdBy>
<createdTime>2019-04-25 02:11:30 UTC</createdTime>
<generatorID>45061C45-133D-92A5-BACB-017297C8C66F</generatorID>
<ownerDesignName>monashDrones</ownerDesignName>
<indexState>Foreign Key</indexState>
<isSurrogateKey>false</isSurrogateKey>
<indexColumnUsage>
<colUsage columnID="E3FFCD2D-AC2B-C68F-C60B-0852AB576E05"/>
</indexColumnUsage>
</ind_PK_UK>
<ind_PK_UK id="7512AA97-B2DA-9698-A3DF-20ED1A7347AF" name="LOAN_HAS_LOAN_LINE">
<createdBy>HP</createdBy>
<createdTime>2019-04-25 02:11:30 UTC</createdTime>
<generatorID>AB1706E8-FECA-F5B2-DE24-31B805B7BDE6</generatorID>
<ownerDesignName>monashDrones</ownerDesignName>
<indexState>Foreign Key</indexState>
<isSurrogateKey>false</isSurrogateKey>
<indexColumnUsage>
<colUsage columnID="5F38C849-FF90-2F65-8DCE-2286F2940627"/>
</indexColumnUsage>
</ind_PK_UK>
</indexes>
</Table>