<?xml version = '1.0' encoding = 'UTF-8'?>
<relationalModel class="oracle.dbtools.crest.model.design.relational.RelationalDesign" name="Relational_2" id="1496FC33-724B-1D7A-3608-030F4B7FFF00" mainViewID="940BCCC8-4C8C-DC16-6B5A-86982ECC0674">
<createdBy>HP</createdBy>
<createdTime>2019-04-25 02:11:09 UTC</createdTime>
<ownerDesignName>monashDrones 4.0</ownerDesignName>
<shouldBeOpen>true</shouldBeOpen>
<selectedRDBMSSite>32076570-2523-435C-2E92-BF29817DFF70</selectedRDBMSSite>
</relationalModel>