<?xml version = '1.0' encoding = 'UTF-8'?>
<Diagram class="oracle.dbtools.crest.swingui.logical.DPVLogical" name="Logical" id="37E59C62-8A21-45A2-98D7-4CDDAE5A5B1E">
<createdBy>Anisha, Nayanatara</createdBy>
<modifiedBy>Anisha, Nayanatara</modifiedBy>
<createdTime>2019-04-14 06:29:56 UTC</createdTime>
<autoRoute>false</autoRoute>
<boxInbox>true</boxInbox>
<showLegend>true</showLegend>
<showLabels>true</showLabels>
<showRelAttributes>true</showRelAttributes>
<gridEnabled>false</gridEnabled>
<showGrid>false</showGrid>
<diagramColor>-1</diagramColor>
<display>false</display>
<notation>2</notation>
<objectViews>
<OView class="oracle.dbtools.crest.swingui.logical.TVEntity" oid="1C1F4B2A-62ED-B729-DC80-EB69E523E827" otype="Entity" vid="7231730B-8BFE-D091-4DCB-0CFA725F4B51">
<hideElementsInCurrentOnly>false</hideElementsInCurrentOnly>
<bounds x="829" y="485" width="212" height="102"/>
</OView>
<OView class="oracle.dbtools.crest.swingui.logical.TVEntity" oid="2B6A6414-4579-F3EB-C1F0-722F5DE6AA0F" otype="Entity" vid="ED85CEC3-3CFB-D43A-AB0A-BFBB3F3816F4">
<hideElementsInCurrentOnly>false</hideElementsInCurrentOnly>
<bounds x="29" y="186" width="196" height="102"/>
</OView>
<OView class="oracle.dbtools.crest.swingui.logical.TVEntity" oid="35A11993-304E-D239-C6D5-D3883C30EBD9" otype="Entity" vid="46394C11-36EF-66AA-C956-87169D7FB4D7">
<hideElementsInCurrentOnly>false</hideElementsInCurrentOnly>
<bounds x="375" y="143" width="470" height="160"/>
</OView>
<OView class="oracle.dbtools.crest.swingui.TVLegend" oid="375F33AA-A10E-5905-37AC-FF98E27B4D47" otype="Legend" vid="F01F0F6B-ECFC-5576-3475-CE688339F8B5">
<hideElementsInCurrentOnly>false</hideElementsInCurrentOnly>
<bounds x="10" y="10" width="232" height="135"/>
</OView>
<OView class="oracle.dbtools.crest.swingui.logical.TVEntity" oid="54D757D3-45F7-9BE1-40EA-5AADCC35F390" otype="Entity" vid="83D1C143-E890-BFD6-5926-7BCE813A8717">
<hideElementsInCurrentOnly>false</hideElementsInCurrentOnly>
<bounds x="1455" y="159" width="292" height="74"/>
</OView>
<OView class="oracle.dbtools.crest.swingui.logical.TVEntity" oid="5D6C8D01-E123-F9D7-CC8A-8C8B80C51479" otype="Entity" vid="AB41BF17-AD51-DCFD-F406-AD6D1C9815A9">
<hideElementsInCurrentOnly>false</hideElementsInCurrentOnly>
<bounds x="787" y="847" width="208" height="56"/>
</OView>
<OView class="oracle.dbtools.crest.swingui.logical.TVEntity" oid="6A34C3E3-3C1F-BC7E-5E12-AF5EAF64F82C" otype="Entity" vid="89BA59E7-DDF5-B516-4E6E-9F363FDD9665">
<hideElementsInCurrentOnly>false</hideElementsInCurrentOnly>
<bounds x="451" y="381" width="312" height="159"/>
</OView>
<OView class="oracle.dbtools.crest.swingui.logical.TVEntity" oid="89AAC5B4-6F7F-959F-C7CF-0A56108FDF53" otype="Entity" vid="6BE0F938-26D0-177E-3A5A-ACEF0309968B">
<hideElementsInCurrentOnly>false</hideElementsInCurrentOnly>
<bounds x="1272" y="491" width="223" height="144"/>
</OView>
<OView class="oracle.dbtools.crest.swingui.logical.TVEntity" oid="A9DC5EEE-F9E7-4561-1AB4-02ABF1756046" otype="Entity" vid="92660407-E2FB-1062-A83C-8D435BF1DDD1">
<hideElementsInCurrentOnly>false</hideElementsInCurrentOnly>
<bounds x="447" y="752" width="576" height="175"/>
</OView>
<OView class="oracle.dbtools.crest.swingui.logical.TVEntity" oid="AB2F2268-6CFB-819E-B358-BB252103DDB9" otype="Entity" vid="579CEFAE-5DC7-82B8-EB14-EE02D4C631B4">
<hideElementsInCurrentOnly>false</hideElementsInCurrentOnly>
<bounds x="614" y="218" width="220" height="56"/>
</OView>
<OView class="oracle.dbtools.crest.swingui.logical.TVEntity" oid="B6561B4A-C975-6835-C9AD-0C4F7C427446" otype="Entity" vid="8C35C816-51D8-7CBB-30DB-C947670DF36B">
<hideElementsInCurrentOnly>false</hideElementsInCurrentOnly>
<bounds x="607" y="165" width="228" height="56"/>
</OView>
<OView class="oracle.dbtools.crest.swingui.logical.TVEntity" oid="C7AE91AA-E4DC-7F09-DC77-475B5AAA863C" otype="Entity" vid="2BC34FCC-2968-85AD-13B3-7AB0A3C31B8C">
<hideElementsInCurrentOnly>false</hideElementsInCurrentOnly>
<bounds x="39" y="376" width="223" height="117"/>
</OView>
<OView class="oracle.dbtools.crest.swingui.logical.TVEntity" oid="CACCCA92-3BDB-8CA1-0E14-669BF25DD571" otype="Entity" vid="EB8B4A44-C528-FD02-C6B1-4114FFA07E0B">
<hideElementsInCurrentOnly>false</hideElementsInCurrentOnly>
<bounds x="792" y="781" width="212" height="56"/>
</OView>
<OView class="oracle.dbtools.crest.swingui.logical.TVEntity" oid="D5C91993-89D0-2593-C7EC-C21652E74900" otype="Entity" vid="C2DE6BA0-1AF8-8787-BA5B-87813F7C23A3">
<hideElementsInCurrentOnly>false</hideElementsInCurrentOnly>
<bounds x="1474" y="791" width="209" height="102"/>
</OView>
<OView class="oracle.dbtools.crest.swingui.logical.TVEntity" oid="D8AA1877-630A-2693-4E2C-D518E7FB612A" otype="Entity" vid="408264A2-26B2-E2B5-2AAD-3EFFF86CD381">
<hideElementsInCurrentOnly>false</hideElementsInCurrentOnly>
<bounds x="975" y="210" width="306" height="74"/>
</OView>
</objectViews>
<connectors>
<Connector class="oracle.dbtools.crest.swingui.logical.TVRelation" oid="0C25AFA1-5793-D505-BD70-6ED6198B7863" otype="Relation" vid_source="92660407-E2FB-1062-A83C-8D435BF1DDD1" vid_target="89BA59E7-DDF5-B516-4E6E-9F363FDD9665">
<hideElementsInCurrentOnly>false</hideElementsInCurrentOnly>
<backgroundColor>-16777216</backgroundColor>
<lineWidth>1</lineWidth>
<sourceLabel class="oracle.dbtools.crest.model.design.Label">
<site>0</site>
<labelBounds x="607" y="718" width="77" height="28"/>
<noBackgroundColor>true</noBackgroundColor>
<noForegroundColor>true</noForegroundColor>
</sourceLabel>
<points>
<point x="607" y="752"/>
<point x="607" y="540"/>
</points>
</Connector>
<Connector class="oracle.dbtools.crest.swingui.logical.TVRelation" oid="1AC314E4-9856-FE78-50DA-473C85F37858" otype="Relation" vid_source="7231730B-8BFE-D091-4DCB-0CFA725F4B51" vid_target="408264A2-26B2-E2B5-2AAD-3EFFF86CD381">
<hideElementsInCurrentOnly>false</hideElementsInCurrentOnly>
<backgroundColor>-16777216</backgroundColor>
<lineWidth>1</lineWidth>
<sourceLabel class="oracle.dbtools.crest.model.design.Label">
<site>0</site>
<labelBounds x="1008" y="449" width="31" height="30"/>
<noBackgroundColor>true</noBackgroundColor>
<noForegroundColor>true</noForegroundColor>
</sourceLabel>
<points>
<point x="1008" y="485"/>
<point x="1008" y="284"/>
</points>
</Connector>
<Connector class="oracle.dbtools.crest.swingui.logical.TVInheritanceRelation" oid="357DBC8D-E21B-E57E-2BD5-59BA4CD5C1AB" otype="Hierarchy relation" vid_source="46394C11-36EF-66AA-C956-87169D7FB4D7" vid_target="579CEFAE-5DC7-82B8-EB14-EE02D4C631B4">
<hideElementsInCurrentOnly>false</hideElementsInCurrentOnly>
<backgroundColor>-65536</backgroundColor>
<lineWidth>1</lineWidth>
</Connector>
<Connector class="oracle.dbtools.crest.swingui.logical.TVRelation" oid="45061C45-133D-92A5-BACB-017297C8C66F" otype="Relation" vid_source="8C35C816-51D8-7CBB-30DB-C947670DF36B" vid_target="83D1C143-E890-BFD6-5926-7BCE813A8717">
<hideElementsInCurrentOnly>false</hideElementsInCurrentOnly>
<backgroundColor>-16777216</backgroundColor>
<lineWidth>1</lineWidth>
<sourceLabel class="oracle.dbtools.crest.model.design.Label">
<site>0</site>
<labelBounds x="845" y="163" width="31" height="30"/>
<noBackgroundColor>true</noBackgroundColor>
<noForegroundColor>true</noForegroundColor>
</sourceLabel>
<points>
<point x="835" y="193"/>
<point x="1455" y="193"/>
</points>
</Connector>
<Connector class="oracle.dbtools.crest.swingui.logical.TVInheritanceRelation" oid="5C90F030-3830-B9C4-DEB9-BD648BD943B4" otype="Hierarchy relation" vid_source="46394C11-36EF-66AA-C956-87169D7FB4D7" vid_target="8C35C816-51D8-7CBB-30DB-C947670DF36B">
<hideElementsInCurrentOnly>false</hideElementsInCurrentOnly>
<backgroundColor>-65536</backgroundColor>
<lineWidth>1</lineWidth>
</Connector>
<Connector class="oracle.dbtools.crest.swingui.logical.TVRelation" oid="5D11A3D9-F1E0-64BF-D767-B7D34EE440D8" otype="Relation" vid_source="92660407-E2FB-1062-A83C-8D435BF1DDD1" vid_target="7231730B-8BFE-D091-4DCB-0CFA725F4B51">
<hideElementsInCurrentOnly>false</hideElementsInCurrentOnly>
<backgroundColor>-16777216</backgroundColor>
<lineWidth>1</lineWidth>
<sourceLabel class="oracle.dbtools.crest.model.design.Label">
<site>0</site>
<labelBounds x="926" y="708" width="44" height="30"/>
<noBackgroundColor>true</noBackgroundColor>
<noForegroundColor>true</noForegroundColor>
</sourceLabel>
<points>
<point x="926" y="752"/>
<point x="926" y="587"/>
</points>
</Connector>
<Connector class="oracle.dbtools.crest.swingui.logical.TVRelation" oid="6301B988-4321-5329-C11F-C6C05C6377D1" otype="Relation" vid_source="2BC34FCC-2968-85AD-13B3-7AB0A3C31B8C" vid_target="89BA59E7-DDF5-B516-4E6E-9F363FDD9665">
<hideElementsInCurrentOnly>false</hideElementsInCurrentOnly>
<backgroundColor>-16777216</backgroundColor>
<lineWidth>1</lineWidth>
<sourceLabel class="oracle.dbtools.crest.model.design.Label">
<site>0</site>
<labelBounds x="272" y="407" width="64" height="30"/>
<noBackgroundColor>true</noBackgroundColor>
<noForegroundColor>true</noForegroundColor>
</sourceLabel>
<points>
<point x="262" y="437"/>
<point x="451" y="437"/>
</points>
</Connector>
<Connector class="oracle.dbtools.crest.swingui.logical.TVRelation" oid="719618B9-8866-2718-3924-7DC1B9FBAF4A" otype="Relation" vid_source="92660407-E2FB-1062-A83C-8D435BF1DDD1" vid_target="C2DE6BA0-1AF8-8787-BA5B-87813F7C23A3">
<hideElementsInCurrentOnly>false</hideElementsInCurrentOnly>
<backgroundColor>-16777216</backgroundColor>
<lineWidth>1</lineWidth>
<sourceLabel class="oracle.dbtools.crest.model.design.Label">
<site>0</site>
<labelBounds x="1033" y="812" width="44" height="30"/>
<noBackgroundColor>true</noBackgroundColor>
<noForegroundColor>true</noForegroundColor>
</sourceLabel>
<points>
<point x="1023" y="842"/>
<point x="1474" y="842"/>
</points>
</Connector>
<Connector class="oracle.dbtools.crest.swingui.logical.TVInheritanceRelation" oid="8F6FE770-7455-7C88-45E1-0B65E04DD6E3" otype="Hierarchy relation" vid_source="92660407-E2FB-1062-A83C-8D435BF1DDD1" vid_target="EB8B4A44-C528-FD02-C6B1-4114FFA07E0B">
<hideElementsInCurrentOnly>false</hideElementsInCurrentOnly>
<backgroundColor>-65536</backgroundColor>
<lineWidth>1</lineWidth>
</Connector>
<Connector class="oracle.dbtools.crest.swingui.logical.TVInheritanceRelation" oid="AA126352-35BB-AE10-7A04-8AC93E6341A5" otype="Hierarchy relation" vid_source="92660407-E2FB-1062-A83C-8D435BF1DDD1" vid_target="AB41BF17-AD51-DCFD-F406-AD6D1C9815A9">
<hideElementsInCurrentOnly>false</hideElementsInCurrentOnly>
<backgroundColor>-65536</backgroundColor>
<lineWidth>1</lineWidth>
</Connector>
<Connector class="oracle.dbtools.crest.swingui.logical.TVRelation" oid="AB1706E8-FECA-F5B2-DE24-31B805B7BDE6" otype="Relation" vid_source="C2DE6BA0-1AF8-8787-BA5B-87813F7C23A3" vid_target="83D1C143-E890-BFD6-5926-7BCE813A8717">
<hideElementsInCurrentOnly>false</hideElementsInCurrentOnly>
<backgroundColor>-16777216</backgroundColor>
<lineWidth>1</lineWidth>
<sourceLabel class="oracle.dbtools.crest.model.design.Label">
<site>0</site>
<labelBounds x="1578" y="747" width="31" height="30"/>
<noBackgroundColor>true</noBackgroundColor>
<noForegroundColor>true</noForegroundColor>
</sourceLabel>
<points>
<point x="1578" y="791"/>
<point x="1578" y="233"/>
</points>
</Connector>
<Connector class="oracle.dbtools.crest.swingui.logical.TVRelation" oid="AC266D84-E550-9013-5095-EACE2B410FD1" otype="Relation" vid_source="7231730B-8BFE-D091-4DCB-0CFA725F4B51" vid_target="6BE0F938-26D0-177E-3A5A-ACEF0309968B">
<hideElementsInCurrentOnly>false</hideElementsInCurrentOnly>
<backgroundColor>-16777216</backgroundColor>
<lineWidth>1</lineWidth>
<sourceLabel class="oracle.dbtools.crest.model.design.Label">
<site>0</site>
<labelBounds x="1051" y="509" width="31" height="30"/>
<noBackgroundColor>true</noBackgroundColor>
<noForegroundColor>true</noForegroundColor>
</sourceLabel>
<points>
<point x="1041" y="539"/>
<point x="1272" y="539"/>
</points>
</Connector>
<Connector class="oracle.dbtools.crest.swingui.logical.TVRelation" oid="B7E03708-C80D-E6FB-A7E5-19CFAD16743D" otype="Relation" vid_source="579CEFAE-5DC7-82B8-EB14-EE02D4C631B4" vid_target="408264A2-26B2-E2B5-2AAD-3EFFF86CD381">
<hideElementsInCurrentOnly>false</hideElementsInCurrentOnly>
<backgroundColor>-16777216</backgroundColor>
<lineWidth>1</lineWidth>
<sourceLabel class="oracle.dbtools.crest.model.design.Label">
<site>0</site>
<labelBounds x="844" y="216" width="31" height="30"/>
<noBackgroundColor>true</noBackgroundColor>
<noForegroundColor>true</noForegroundColor>
</sourceLabel>
<points>
<point x="834" y="246"/>
<point x="975" y="246"/>
</points>
</Connector>
<Connector class="oracle.dbtools.crest.swingui.logical.TVRelation" oid="BBBC012E-797A-6DFE-D38B-B39BF30FFE42" otype="Relation" vid_source="46394C11-36EF-66AA-C956-87169D7FB4D7" vid_target="89BA59E7-DDF5-B516-4E6E-9F363FDD9665">
<hideElementsInCurrentOnly>false</hideElementsInCurrentOnly>
<backgroundColor>-16777216</backgroundColor>
<lineWidth>1</lineWidth>
<sourceLabel class="oracle.dbtools.crest.model.design.Label">
<site>0</site>
<labelBounds x="607" y="339" width="52" height="30"/>
<noBackgroundColor>true</noBackgroundColor>
<noForegroundColor>true</noForegroundColor>
</sourceLabel>
<points>
<point x="607" y="303"/>
<point x="607" y="381"/>
</points>
</Connector>
<Connector class="oracle.dbtools.crest.swingui.logical.TVRelation" oid="C3299A63-4FCA-4E8E-6E9A-3895C1E2E070" otype="Relation" vid_source="ED85CEC3-3CFB-D43A-AB0A-BFBB3F3816F4" vid_target="46394C11-36EF-66AA-C956-87169D7FB4D7">
<hideElementsInCurrentOnly>false</hideElementsInCurrentOnly>
<backgroundColor>-16777216</backgroundColor>
<lineWidth>1</lineWidth>
<sourceLabel class="oracle.dbtools.crest.model.design.Label">
<site>0</site>
<labelBounds x="235" y="207" width="53" height="30"/>
<noBackgroundColor>true</noBackgroundColor>
<noForegroundColor>true</noForegroundColor>
</sourceLabel>
<points>
<point x="225" y="237"/>
<point x="375" y="237"/>
</points>
</Connector>
<Connector class="oracle.dbtools.crest.swingui.logical.TVRelation" oid="F54D2684-B693-3E46-2142-9172EDB90B8D" otype="Relation" vid_source="C2DE6BA0-1AF8-8787-BA5B-87813F7C23A3" vid_target="6BE0F938-26D0-177E-3A5A-ACEF0309968B">
<hideElementsInCurrentOnly>false</hideElementsInCurrentOnly>
<backgroundColor>-16777216</backgroundColor>
<lineWidth>1</lineWidth>
<sourceLabel class="oracle.dbtools.crest.model.design.Label">
<site>0</site>
<labelBounds x="1484" y="739" width="31" height="30"/>
<noBackgroundColor>true</noBackgroundColor>
<noForegroundColor>true</noForegroundColor>
</sourceLabel>
<points>
<point x="1484" y="791"/>
<point x="1484" y="635"/>
</points>
</Connector>
</connectors>
</Diagram>