<?xml version = '1.0' encoding = 'UTF-8'?>
<FKIndexAssociation class="oracle.dbtools.crest.model.design.relational.FKIndexAssociation" directorySegmentName="seg_0" id="1A4B9A70-8DEC-1DA0-9D80-C316AA0EEDB6" containerWithKeyObject="0C0D4D44-F2E1-AB16-07C1-1BFB26571CBB" localFKIndex="08C83C93-FBEE-24E6-6F4B-EBED386620BB" name="ORDER_HAS_ORDER_LINE">
<createdBy>HP</createdBy>
<createdTime>2019-04-25 02:11:30 UTC</createdTime>
<generatorID>1AC314E4-9856-FE78-50DA-473C85F37858</generatorID>
<ownerDesignName>monashDrones</ownerDesignName>
<referredTableLongName>ORDERS</referredTableLongName>
<deleteRule>NO ACTION</deleteRule>
<referredTableID>8278FC4D-EC86-7374-05CB-9A6AB10EF712</referredTableID>
<keyObject>EE6765FE-F587-0AAB-97A9-BF4F1D9EAAF6</keyObject>
<referredKeyID>EE6765FE-F587-0AAB-97A9-BF4F1D9EAAF6</referredKeyID>
<mandatory>true</mandatory>
<refColNames>order_id</refColNames>
<transferable>true</transferable>
<rely>false</rely>
<columnDependencyConstraintGenerateInDDL>true</columnDependencyConstraintGenerateInDDL>
</FKIndexAssociation>