<?xml version = '1.0' encoding = 'UTF-8'?>
<FKIndexAssociation class="oracle.dbtools.crest.model.design.relational.FKIndexAssociation" directorySegmentName="seg_0" id="281C3650-39C9-954A-67BC-09AD04B7091B" containerWithKeyObject="9C6E57D9-1C07-D1A1-5720-437837C0E75A" localFKIndex="D5732668-F3E7-6A2A-AFD1-81CFA8551FC9" name="FK_DRONE_DRONE_FOR_RENT">
<createdBy>HP</createdBy>
<createdTime>2019-04-25 02:11:30 UTC</createdTime>
<generatorID>5C90F030-3830-B9C4-DEB9-BD648BD943B4</generatorID>
<ownerDesignName>monashDrones</ownerDesignName>
<referredTableLongName>DRONE</referredTableLongName>
<deleteRule>NO ACTION</deleteRule>
<referredTableID>9ED83B58-47CD-8833-586B-F46FA0508268</referredTableID>
<keyObject>6C1FC0CF-6F36-DCDB-E138-9EFAF2C4DB08</keyObject>
<referredKeyID>6C1FC0CF-6F36-DCDB-E138-9EFAF2C4DB08</referredKeyID>
<mandatory>true</mandatory>
<refColNames>drone_id</refColNames>
<transferable>true</transferable>
<rely>false</rely>
<discriminatorColumn>BEA35199-ADEE-EAA4-5787-79A97C6EE9E0</discriminatorColumn>
<discriminatorValue>Y</discriminatorValue>
<columnDependencyConstraintGenerateInDDL>true</columnDependencyConstraintGenerateInDDL>
</FKIndexAssociation>