<?xml version = '1.0' encoding = 'UTF-8'?>
<FKIndexAssociation class="oracle.dbtools.crest.model.design.relational.FKIndexAssociation" directorySegmentName="seg_0" id="29FFFEE2-A023-CDA7-4D3A-3C739668CDC6" containerWithKeyObject="0C0D4D44-F2E1-AB16-07C1-1BFB26571CBB" localFKIndex="0A692796-A96F-6A2F-9CD8-8E2649A66115" name="DRONE_HAS_ORDER_LINE">
<createdBy>HP</createdBy>
<createdTime>2019-04-25 02:11:30 UTC</createdTime>
<generatorID>B7E03708-C80D-E6FB-A7E5-19CFAD16743D</generatorID>
<ownerDesignName>monashDrones</ownerDesignName>
<referredTableLongName>DRONE_FOR_SALE</referredTableLongName>
<deleteRule>NO ACTION</deleteRule>
<referredTableID>1948B581-756E-7817-AB8A-9002818C65AB</referredTableID>
<keyObject>886881E2-F690-75F6-25DA-014DBA4EB17F</keyObject>
<referredKeyID>886881E2-F690-75F6-25DA-014DBA4EB17F</referredKeyID>
<mandatory>true</mandatory>
<refColNames>drone_id</refColNames>
<transferable>true</transferable>
<rely>false</rely>
<columnDependencyConstraintGenerateInDDL>true</columnDependencyConstraintGenerateInDDL>
</FKIndexAssociation>