<?xml version = '1.0' encoding = 'UTF-8'?>
<FKIndexAssociation class="oracle.dbtools.crest.model.design.relational.FKIndexAssociation" directorySegmentName="seg_0" id="4BAC0B37-7FE7-680D-0532-0E413C6209B1" containerWithKeyObject="8710C3C4-C5F3-3F66-DFEB-B91960A1BD86" localFKIndex="77C1BB75-ABB9-FF70-1F38-EE26BC3400C3" name="FK_INDIVIDUAL_CUSTOMER">
<createdBy>HP</createdBy>
<createdTime>2019-04-25 02:11:30 UTC</createdTime>
<generatorID>8F6FE770-7455-7C88-45E1-0B65E04DD6E3</generatorID>
<ownerDesignName>monashDrones</ownerDesignName>
<referredTableLongName>CUSTOMER</referredTableLongName>
<arc>E920644D-58B7-8197-6A66-C8ECC71E3472</arc>
<deleteRule>NO ACTION</deleteRule>
<referredTableID>81BE2827-FF08-C2C3-0200-F5976EC4D89B</referredTableID>
<keyObject>8152C82C-3EF0-4AC3-A411-A621994BFA4C</keyObject>
<referredKeyID>8152C82C-3EF0-4AC3-A411-A621994BFA4C</referredKeyID>
<mandatory>true</mandatory>
<refColNames>cust_id</refColNames>
<transferable>true</transferable>
<rely>false</rely>
<discriminatorValue>I</discriminatorValue>
<columnDependencyConstraintGenerateInDDL>true</columnDependencyConstraintGenerateInDDL>
</FKIndexAssociation>