<?xml version = '1.0' encoding = 'UTF-8'?>
<FKIndexAssociation class="oracle.dbtools.crest.model.design.relational.FKIndexAssociation" directorySegmentName="seg_0" id="52DB7058-CE9B-46EC-B40D-D8493501D007" containerWithKeyObject="FCD640A0-F222-98A5-BDF1-411CB188D75F" localFKIndex="7512AA97-B2DA-9698-A3DF-20ED1A7347AF" name="LOAN_HAS_LOAN_LINE">
<createdBy>HP</createdBy>
<createdTime>2019-04-25 02:11:30 UTC</createdTime>
<generatorID>AB1706E8-FECA-F5B2-DE24-31B805B7BDE6</generatorID>
<ownerDesignName>monashDrones</ownerDesignName>
<referredTableLongName>LOAN</referredTableLongName>
<deleteRule>NO ACTION</deleteRule>
<referredTableID>D9BCC769-9113-34FB-9C7F-06DF3518A460</referredTableID>
<keyObject>7313A4EB-D1B7-2644-13C3-F9A4E8D44FC8</keyObject>
<referredKeyID>7313A4EB-D1B7-2644-13C3-F9A4E8D44FC8</referredKeyID>
<mandatory>true</mandatory>
<refColNames>loan_id</refColNames>
<transferable>true</transferable>
<rely>false</rely>
<columnDependencyConstraintGenerateInDDL>true</columnDependencyConstraintGenerateInDDL>
</FKIndexAssociation>