<?xml version = '1.0' encoding = 'UTF-8'?>
<FKIndexAssociation class="oracle.dbtools.crest.model.design.relational.FKIndexAssociation" directorySegmentName="seg_0" id="63374A4E-258F-B7AE-4CDE-74E5F37C5E7A" containerWithKeyObject="9ED83B58-47CD-8833-586B-F46FA0508268" localFKIndex="BDE83C31-98F3-E6BC-9052-BBAA1F6C8005" name="SUPPLIER_SUPPLIES_DRONE">
<createdBy>HP</createdBy>
<createdTime>2019-04-25 02:11:30 UTC</createdTime>
<generatorID>C3299A63-4FCA-4E8E-6E9A-3895C1E2E070</generatorID>
<ownerDesignName>monashDrones</ownerDesignName>
<referredTableLongName>SUPPLIER</referredTableLongName>
<deleteRule>NO ACTION</deleteRule>
<referredTableID>FAB06112-8C91-EE51-F020-D860E129E8DD</referredTableID>
<keyObject>5618978C-3B78-53EF-90CB-53A4B4CF36BD</keyObject>
<referredKeyID>5618978C-3B78-53EF-90CB-53A4B4CF36BD</referredKeyID>
<mandatory>true</mandatory>
<refColNames>supplier_id</refColNames>
<transferable>true</transferable>
<rely>false</rely>
<columnDependencyConstraintGenerateInDDL>true</columnDependencyConstraintGenerateInDDL>
</FKIndexAssociation>