<?xml version = '1.0' encoding = 'UTF-8'?>
<FKIndexAssociation class="oracle.dbtools.crest.model.design.relational.FKIndexAssociation" directorySegmentName="seg_0" id="87BF1AB8-AED3-99B4-CCD9-0A0F6531CD2D" containerWithKeyObject="FAE396DF-27D1-AA30-C022-5DE80428BE39" localFKIndex="69741EC0-A5BD-4F20-C4ED-71AFA47E4B2B" name="CUSTOMER_REQUESTS_TRAINING">
<createdBy>HP</createdBy>
<createdTime>2019-04-25 02:11:30 UTC</createdTime>
<generatorID>0C25AFA1-5793-D505-BD70-6ED6198B7863</generatorID>
<ownerDesignName>monashDrones</ownerDesignName>
<referredTableLongName>CUSTOMER</referredTableLongName>
<deleteRule>NO ACTION</deleteRule>
<referredTableID>81BE2827-FF08-C2C3-0200-F5976EC4D89B</referredTableID>
<keyObject>8152C82C-3EF0-4AC3-A411-A621994BFA4C</keyObject>
<referredKeyID>8152C82C-3EF0-4AC3-A411-A621994BFA4C</referredKeyID>
<mandatory>true</mandatory>
<refColNames>cust_id</refColNames>
<transferable>true</transferable>
<rely>false</rely>
<columnDependencyConstraintGenerateInDDL>true</columnDependencyConstraintGenerateInDDL>
</FKIndexAssociation>