<?xml version = '1.0' encoding = 'UTF-8'?>
<FKIndexAssociation class="oracle.dbtools.crest.model.design.relational.FKIndexAssociation" directorySegmentName="seg_0" id="903BFF9A-B152-C26A-1B76-F08A39681A99" containerWithKeyObject="00C87103-823F-0D72-6397-C33B16649138" localFKIndex="023D2853-CE6E-2893-CA1E-B37A333760CE" name="LOAN_HAS_PAYMENT_INSTAMENT">
<createdBy>HP</createdBy>
<createdTime>2019-04-25 02:11:30 UTC</createdTime>
<generatorID>F54D2684-B693-3E46-2142-9172EDB90B8D</generatorID>
<ownerDesignName>monashDrones</ownerDesignName>
<referredTableLongName>LOAN</referredTableLongName>
<deleteRule>NO ACTION</deleteRule>
<referredTableID>D9BCC769-9113-34FB-9C7F-06DF3518A460</referredTableID>
<keyObject>7313A4EB-D1B7-2644-13C3-F9A4E8D44FC8</keyObject>
<referredKeyID>7313A4EB-D1B7-2644-13C3-F9A4E8D44FC8</referredKeyID>
<mandatory>false</mandatory>
<refColNames>loan_id</refColNames>
<transferable>true</transferable>
<rely>false</rely>
<columnDependencyConstraintGenerateInDDL>true</columnDependencyConstraintGenerateInDDL>
</FKIndexAssociation>