<?xml version = '1.0' encoding = 'UTF-8'?>
<FKIndexAssociation class="oracle.dbtools.crest.model.design.relational.FKIndexAssociation" directorySegmentName="seg_0" id="962688A8-8105-9376-3BCE-5C5534E035A7" containerWithKeyObject="1948B581-756E-7817-AB8A-9002818C65AB" localFKIndex="65A4AC48-0D35-2AC9-3056-865CEA96B704" name="FK_DRONE_DRONT_FOR_SALE">
<createdBy>HP</createdBy>
<createdTime>2019-04-25 02:11:30 UTC</createdTime>
<generatorID>357DBC8D-E21B-E57E-2BD5-59BA4CD5C1AB</generatorID>
<ownerDesignName>monashDrones</ownerDesignName>
<referredTableLongName>DRONE</referredTableLongName>
<deleteRule>NO ACTION</deleteRule>
<referredTableID>9ED83B58-47CD-8833-586B-F46FA0508268</referredTableID>
<keyObject>6C1FC0CF-6F36-DCDB-E138-9EFAF2C4DB08</keyObject>
<referredKeyID>6C1FC0CF-6F36-DCDB-E138-9EFAF2C4DB08</referredKeyID>
<mandatory>true</mandatory>
<refColNames>drone_id</refColNames>
<transferable>true</transferable>
<rely>false</rely>
<discriminatorColumn>749E5A1B-3E71-996A-EDDD-B56F5678B8FF</discriminatorColumn>
<discriminatorValue>Y</discriminatorValue>
<columnDependencyConstraintGenerateInDDL>true</columnDependencyConstraintGenerateInDDL>
</FKIndexAssociation>