<?xml version = '1.0' encoding = 'UTF-8'?>
<FKIndexAssociation class="oracle.dbtools.crest.model.design.relational.FKIndexAssociation" directorySegmentName="seg_0" id="9E5DE784-6640-CAD1-A097-A3E1F3C7051F" containerWithKeyObject="FAE396DF-27D1-AA30-C022-5DE80428BE39" localFKIndex="766C2535-3201-2EF0-7B10-BA2A8FBE1BC8" name="DRONE_USED_FOR_TRAINING">
<createdBy>HP</createdBy>
<createdTime>2019-04-25 02:11:30 UTC</createdTime>
<generatorID>BBBC012E-797A-6DFE-D38B-B39BF30FFE42</generatorID>
<ownerDesignName>monashDrones</ownerDesignName>
<referredTableLongName>DRONE</referredTableLongName>
<deleteRule>NO ACTION</deleteRule>
<referredTableID>9ED83B58-47CD-8833-586B-F46FA0508268</referredTableID>
<keyObject>6C1FC0CF-6F36-DCDB-E138-9EFAF2C4DB08</keyObject>
<referredKeyID>6C1FC0CF-6F36-DCDB-E138-9EFAF2C4DB08</referredKeyID>
<mandatory>true</mandatory>
<refColNames>drone_id</refColNames>
<transferable>true</transferable>
<rely>false</rely>
<columnDependencyConstraintGenerateInDDL>true</columnDependencyConstraintGenerateInDDL>
</FKIndexAssociation>