<?xml version = '1.0' encoding = 'UTF-8'?>
<FKIndexAssociation class="oracle.dbtools.crest.model.design.relational.FKIndexAssociation" directorySegmentName="seg_0" id="A567AD60-54D2-86D9-8E15-5E4655137EDD" containerWithKeyObject="D9BCC769-9113-34FB-9C7F-06DF3518A460" localFKIndex="BDDD0DAE-451A-C877-FC8F-4E645A46B056" name="CUSTOMER_MAKES_LOAN">
<createdBy>HP</createdBy>
<createdTime>2019-04-25 02:11:30 UTC</createdTime>
<generatorID>719618B9-8866-2718-3924-7DC1B9FBAF4A</generatorID>
<ownerDesignName>monashDrones</ownerDesignName>
<referredTableLongName>CUSTOMER</referredTableLongName>
<deleteRule>NO ACTION</deleteRule>
<referredTableID>81BE2827-FF08-C2C3-0200-F5976EC4D89B</referredTableID>
<keyObject>8152C82C-3EF0-4AC3-A411-A621994BFA4C</keyObject>
<referredKeyID>8152C82C-3EF0-4AC3-A411-A621994BFA4C</referredKeyID>
<mandatory>true</mandatory>
<refColNames>cust_id</refColNames>
<transferable>true</transferable>
<rely>false</rely>
<columnDependencyConstraintGenerateInDDL>true</columnDependencyConstraintGenerateInDDL>
</FKIndexAssociation>