<?xml version = '1.0' encoding = 'UTF-8'?>
<FKIndexAssociation class="oracle.dbtools.crest.model.design.relational.FKIndexAssociation" directorySegmentName="seg_0" id="C0C14722-7DEC-C82F-6638-81146362695A" containerWithKeyObject="8278FC4D-EC86-7374-05CB-9A6AB10EF712" localFKIndex="EF99896F-BC81-2BB1-4A2C-A28B23349F75" name="CUSTOMER_MAKES_ORDER">
<createdBy>HP</createdBy>
<createdTime>2019-04-25 02:11:30 UTC</createdTime>
<generatorID>5D11A3D9-F1E0-64BF-D767-B7D34EE440D8</generatorID>
<ownerDesignName>monashDrones</ownerDesignName>
<referredTableLongName>CUSTOMER</referredTableLongName>
<deleteRule>NO ACTION</deleteRule>
<referredTableID>81BE2827-FF08-C2C3-0200-F5976EC4D89B</referredTableID>
<keyObject>8152C82C-3EF0-4AC3-A411-A621994BFA4C</keyObject>
<referredKeyID>8152C82C-3EF0-4AC3-A411-A621994BFA4C</referredKeyID>
<mandatory>true</mandatory>
<refColNames>cust_id</refColNames>
<transferable>true</transferable>
<rely>false</rely>
<columnDependencyConstraintGenerateInDDL>true</columnDependencyConstraintGenerateInDDL>
</FKIndexAssociation>