<?xml version = '1.0' encoding = 'UTF-8'?>
<FKIndexAssociation class="oracle.dbtools.crest.model.design.relational.FKIndexAssociation" directorySegmentName="seg_0" id="C6459619-60E1-3813-EE41-E2C9710B7125" containerWithKeyObject="FAE396DF-27D1-AA30-C022-5DE80428BE39" localFKIndex="A182C31E-6834-7E0D-1909-82D8EF164658" name="EMPLOYEE_CARRIES_OUT_TRAINING">
<createdBy>HP</createdBy>
<createdTime>2019-04-25 02:11:30 UTC</createdTime>
<generatorID>6301B988-4321-5329-C11F-C6C05C6377D1</generatorID>
<ownerDesignName>monashDrones</ownerDesignName>
<referredTableLongName>EMPLOYEE</referredTableLongName>
<deleteRule>NO ACTION</deleteRule>
<referredTableID>7D97ACCE-024F-D09C-9A41-D0A681C3AC22</referredTableID>
<keyObject>C0968013-70F3-9DCC-99E6-2C7567580776</keyObject>
<referredKeyID>C0968013-70F3-9DCC-99E6-2C7567580776</referredKeyID>
<mandatory>true</mandatory>
<refColNames>emp_id</refColNames>
<transferable>true</transferable>
<rely>false</rely>
<columnDependencyConstraintGenerateInDDL>true</columnDependencyConstraintGenerateInDDL>
</FKIndexAssociation>