<?xml version = '1.0' encoding = 'UTF-8'?>
<FKIndexAssociation class="oracle.dbtools.crest.model.design.relational.FKIndexAssociation" directorySegmentName="seg_0" id="E5BF168E-7526-7BE7-AE5D-82863D5C666B" containerWithKeyObject="00C87103-823F-0D72-6397-C33B16649138" localFKIndex="27D5EA08-4F5B-DCD1-5ECC-058C6B4BF6F0" name="ORDER_HAS_PAYMENT_INSTALMENT">
<createdBy>HP</createdBy>
<createdTime>2019-04-25 02:11:30 UTC</createdTime>
<generatorID>AC266D84-E550-9013-5095-EACE2B410FD1</generatorID>
<ownerDesignName>monashDrones</ownerDesignName>
<referredTableLongName>ORDERS</referredTableLongName>
<deleteRule>NO ACTION</deleteRule>
<referredTableID>8278FC4D-EC86-7374-05CB-9A6AB10EF712</referredTableID>
<keyObject>EE6765FE-F587-0AAB-97A9-BF4F1D9EAAF6</keyObject>
<referredKeyID>EE6765FE-F587-0AAB-97A9-BF4F1D9EAAF6</referredKeyID>
<mandatory>false</mandatory>
<refColNames>order_id</refColNames>
<transferable>true</transferable>
<rely>false</rely>
<columnDependencyConstraintGenerateInDDL>true</columnDependencyConstraintGenerateInDDL>
</FKIndexAssociation>