<?xml version = '1.0' encoding = 'UTF-8'?>
<FKIndexAssociation class="oracle.dbtools.crest.model.design.relational.FKIndexAssociation" directorySegmentName="seg_0" id="EA0A5F10-5548-96F8-5E5E-603CEDBEBBA8" containerWithKeyObject="FCD640A0-F222-98A5-BDF1-411CB188D75F" localFKIndex="19A901D6-E7A8-997D-7B58-7FE342D6FB0F" name="DRONE_HAS_LOAN_LINE">
<createdBy>HP</createdBy>
<createdTime>2019-04-25 02:11:30 UTC</createdTime>
<generatorID>45061C45-133D-92A5-BACB-017297C8C66F</generatorID>
<ownerDesignName>monashDrones</ownerDesignName>
<referredTableLongName>DRONE_FOR_RENT</referredTableLongName>
<deleteRule>NO ACTION</deleteRule>
<referredTableID>9C6E57D9-1C07-D1A1-5720-437837C0E75A</referredTableID>
<keyObject>B2D4C589-782D-806D-A577-9B7C05EB3179</keyObject>
<referredKeyID>B2D4C589-782D-806D-A577-9B7C05EB3179</referredKeyID>
<mandatory>true</mandatory>
<refColNames>drone_id</refColNames>
<transferable>true</transferable>
<rely>false</rely>
<columnDependencyConstraintGenerateInDDL>true</columnDependencyConstraintGenerateInDDL>
</FKIndexAssociation>