<?xml version = '1.0' encoding = 'UTF-8'?>
<FKIndexAssociation class="oracle.dbtools.crest.model.design.relational.FKIndexAssociation" directorySegmentName="seg_0" id="FE959DC4-6D39-CDB3-0584-3539220CFEE0" containerWithKeyObject="858E46BF-7E0F-98AC-E0B7-2CE820D47335" localFKIndex="4D12BBDF-F555-5E62-98C1-A4CEE5D4B849" name="FK_BUSINESS_CUSTOMER">
<createdBy>HP</createdBy>
<createdTime>2019-04-25 02:11:30 UTC</createdTime>
<generatorID>AA126352-35BB-AE10-7A04-8AC93E6341A5</generatorID>
<ownerDesignName>monashDrones</ownerDesignName>
<referredTableLongName>CUSTOMER</referredTableLongName>
<arc>E920644D-58B7-8197-6A66-C8ECC71E3472</arc>
<deleteRule>NO ACTION</deleteRule>
<referredTableID>81BE2827-FF08-C2C3-0200-F5976EC4D89B</referredTableID>
<keyObject>8152C82C-3EF0-4AC3-A411-A621994BFA4C</keyObject>
<referredKeyID>8152C82C-3EF0-4AC3-A411-A621994BFA4C</referredKeyID>
<mandatory>true</mandatory>
<refColNames>cust_id</refColNames>
<transferable>true</transferable>
<rely>false</rely>
<discriminatorValue>B</discriminatorValue>
<columnDependencyConstraintGenerateInDDL>true</columnDependencyConstraintGenerateInDDL>
</FKIndexAssociation>