<?xml version = '1.0' encoding = 'UTF-8'?>
<Entity class="oracle.dbtools.crest.model.design.logical.Entity" directorySegmentName="seg_0" id="1C1F4B2A-62ED-B729-DC80-EB69E523E827" name="ORDERS">
<createdBy>KC-G</createdBy>
<createdTime>2019-04-16 03:39:14 UTC</createdTime>
<ownerDesignName>monashDrones</ownerDesignName>
<engineerTo>
<item key="1496FC33-724B-1D7A-3608-030F4B7FFF00" value="true"/>
</engineerTo>
<adequatelyNormalized>NO</adequatelyNormalized>
<expectedVolumes>0</expectedVolumes>
<fwdEngineeringStrategyName>Single Table</fwdEngineeringStrategyName>
<growthPercent>0</growthPercent>
<growthType>Year</growthType>
<maxVolumes>9999999</maxVolumes>
<minVolumes>0</minVolumes>
<normalForm>Third</normalForm>
<attributes itemClass="oracle.dbtools.crest.model.design.logical.Attribute">
<Attribute name="order_id" id="9AE396F5-C10D-A321-6C35-FA7F9F38587F">
<createdBy>KC-G</createdBy>
<createdTime>2019-04-16 03:41:26 UTC</createdTime>
<comment>Order ID is unique for every order a customer makes. </comment>
<commentInRDBMS>Order ID is unique for every order a customer makes. </commentInRDBMS>
<ownerDesignName>monashDrones</ownerDesignName>
<engineerTo>
<item key="1496FC33-724B-1D7A-3608-030F4B7FFF00" value="true"/>
</engineerTo>
<useDomainConstraints>false</useDomainConstraints>
<use>1</use>
<logicalDatatype>LOGDT019</logicalDatatype>
<dataTypePrecision>7</dataTypePrecision>
<ownDataTypeParameters>,7,</ownDataTypeParameters>
</Attribute>
<Attribute name="order_date" id="49F80C87-A763-CDD8-B195-127FA0C8B69A">
<createdBy>KC-G</createdBy>
<createdTime>2019-04-16 03:42:07 UTC</createdTime>
<comment>The date when the order was made. </comment>
<commentInRDBMS>The date when the order was made. </commentInRDBMS>
<ownerDesignName>monashDrones</ownerDesignName>
<engineerTo>
<item key="1496FC33-724B-1D7A-3608-030F4B7FFF00" value="true"/>
</engineerTo>
<useDomainConstraints>false</useDomainConstraints>
<use>1</use>
<logicalDatatype>LOGDT007</logicalDatatype>
<ownDataTypeParameters>,,</ownDataTypeParameters>
</Attribute>
<Attribute name="order_balance" id="658FF5E4-42B5-9D6C-0768-F160428D82B1">
<createdBy>KC-G</createdBy>
<createdTime>2019-04-16 03:42:36 UTC</createdTime>
<comment>The total cost of the order.</comment>
<commentInRDBMS>The total cost of the order.</commentInRDBMS>
<ownerDesignName>monashDrones</ownerDesignName>
<engineerTo>
<item key="1496FC33-724B-1D7A-3608-030F4B7FFF00" value="true"/>
</engineerTo>
<useDomainConstraints>false</useDomainConstraints>
<use>1</use>
<logicalDatatype>LOGDT019</logicalDatatype>
<dataTypePrecision>7</dataTypePrecision>
<dataTypeScale>2</dataTypeScale>
<ownDataTypeParameters>,7,2</ownDataTypeParameters>
</Attribute>
<Attribute name="cust_id" id="BEB7511E-C446-2DBE-6889-63AC50C31297">
<createdBy>KC-G</createdBy>
<createdTime>2019-04-16 04:22:59 UTC</createdTime>
<comment>unique identifier for a customer.</comment>
<commentInRDBMS>unique identifier for a customer.</commentInRDBMS>
<generatorID>5D11A3D9-F1E0-64BF-D767-B7D34EE440D8</generatorID>
<ownerDesignName>monashDrones</ownerDesignName>
<engineerTo>
<item key="1496FC33-724B-1D7A-3608-030F4B7FFF00" value="true"/>
</engineerTo>
<referedAttribute>8220FC70-3CDB-A316-E372-A00326B0FE74</referedAttribute>
<useDomainConstraints>false</useDomainConstraints>
<use>1</use>
<logicalDatatype>LOGDT019</logicalDatatype>
<dataTypePrecision>7</dataTypePrecision>
<ownDataTypeParameters>,7,</ownDataTypeParameters>
</Attribute>
</attributes>
<identifiers itemClass="oracle.dbtools.crest.model.design.logical.CandidateKey">
<identifier id="14D1D962-B3FE-6641-9D5F-1C9E5B015201" name="ORDER PK">
<createdBy>KC-G</createdBy>
<createdTime>2019-04-16 03:41:43 UTC</createdTime>
<ownerDesignName>monashDrones</ownerDesignName>
<shouldEngineer>false</shouldEngineer>
<engineerTo>
<item key="1496FC33-724B-1D7A-3608-030F4B7FFF00" value="false"/>
</engineerTo>
<pk>true</pk>
<usedAttributes>
<attributeRef>9AE396F5-C10D-A321-6C35-FA7F9F38587F</attributeRef>
</usedAttributes>
</identifier>
</identifiers>
</Entity>