<?xml version = '1.0' encoding = 'UTF-8'?>
<Entity class="oracle.dbtools.crest.model.design.logical.Entity" directorySegmentName="seg_0" id="2B6A6414-4579-F3EB-C1F0-722F5DE6AA0F" name="SUPPLIER">
<createdBy>KC-G</createdBy>
<createdTime>2019-04-14 07:11:55 UTC</createdTime>
<ownerDesignName>monashDrones</ownerDesignName>
<engineerTo>
<item key="1496FC33-724B-1D7A-3608-030F4B7FFF00" value="true"/>
</engineerTo>
<adequatelyNormalized>NO</adequatelyNormalized>
<expectedVolumes>0</expectedVolumes>
<fwdEngineeringStrategyName>Single Table</fwdEngineeringStrategyName>
<growthPercent>0</growthPercent>
<growthType>Year</growthType>
<maxVolumes>9999999</maxVolumes>
<minVolumes>0</minVolumes>
<normalForm>Third</normalForm>
<attributes itemClass="oracle.dbtools.crest.model.design.logical.Attribute">
<Attribute name="supplier_id" id="9FC45D14-BF2F-F7F5-5FAD-E0608CF610BE">
<createdBy>KC-G</createdBy>
<createdTime>2019-04-16 03:17:37 UTC</createdTime>
<comment>Supplier&apos;s ID</comment>
<commentInRDBMS>Supplier&apos;s ID</commentInRDBMS>
<ownerDesignName>monashDrones</ownerDesignName>
<engineerTo>
<item key="1496FC33-724B-1D7A-3608-030F4B7FFF00" value="true"/>
</engineerTo>
<useDomainConstraints>false</useDomainConstraints>
<use>1</use>
<logicalDatatype>LOGDT019</logicalDatatype>
<ownDataTypeParameters>,,</ownDataTypeParameters>
</Attribute>
<Attribute name="contact_no" id="767240D7-DB29-74FE-30BA-B6CDA33156F3">
<createdBy>KC-G</createdBy>
<createdTime>2019-04-14 07:12:19 UTC</createdTime>
<comment>Supplier contact number.</comment>
<commentInRDBMS>Supplier contact number.</commentInRDBMS>
<ownerDesignName>monashDrones</ownerDesignName>
<engineerTo>
<item key="1496FC33-724B-1D7A-3608-030F4B7FFF00" value="true"/>
</engineerTo>
<useDomainConstraints>false</useDomainConstraints>
<use>1</use>
<logicalDatatype>LOGDT025</logicalDatatype>
<dataTypeSize>10</dataTypeSize>
<ownDataTypeParameters>10,,</ownDataTypeParameters>
</Attribute>
<Attribute name="address" id="D7F38A2E-6791-D1A4-E6B0-B128F563DA1B">
<createdBy>KC-G</createdBy>
<createdTime>2019-04-14 07:13:10 UTC</createdTime>
<comment>Supplier&apos;s Address</comment>
<commentInRDBMS>Supplier&apos;s Address</commentInRDBMS>
<ownerDesignName>monashDrones</ownerDesignName>
<engineerTo>
<item key="1496FC33-724B-1D7A-3608-030F4B7FFF00" value="true"/>
</engineerTo>
<useDomainConstraints>false</useDomainConstraints>
<use>1</use>
<logicalDatatype>LOGDT024</logicalDatatype>
<dataTypeSize>50</dataTypeSize>
<ownDataTypeParameters>50,,</ownDataTypeParameters>
</Attribute>
</attributes>
<identifiers itemClass="oracle.dbtools.crest.model.design.logical.CandidateKey">
<identifier id="0405CD0D-3BB5-8269-9175-E598BC631E37" name="SUPPLIER PK">
<createdBy>KC-G</createdBy>
<createdTime>2019-04-16 03:17:14 UTC</createdTime>
<ownerDesignName>monashDrones</ownerDesignName>
<shouldEngineer>false</shouldEngineer>
<engineerTo>
<item key="1496FC33-724B-1D7A-3608-030F4B7FFF00" value="false"/>
</engineerTo>
<pk>true</pk>
<newElementsIDs>9FC45D14-BF2F-F7F5-5FAD-E0608CF610BE</newElementsIDs>
<usedAttributes>
<attributeRef>9FC45D14-BF2F-F7F5-5FAD-E0608CF610BE</attributeRef>
</usedAttributes>
</identifier>
<identifier id="D76E18E4-5615-4427-DEC4-D535F3FE81A1" name="NK_Supplier">
<createdBy>KC-G</createdBy>
<createdTime>2019-04-16 03:23:41 UTC</createdTime>
<ownerDesignName>monashDrones</ownerDesignName>
<shouldEngineer>false</shouldEngineer>
<engineerTo>
<item key="1496FC33-724B-1D7A-3608-030F4B7FFF00" value="false"/>
</engineerTo>
<newElementsIDs>767240D7-DB29-74FE-30BA-B6CDA33156F3</newElementsIDs>
<usedAttributes>
<attributeRef>767240D7-DB29-74FE-30BA-B6CDA33156F3</attributeRef>
</usedAttributes>
</identifier>
</identifiers>
</Entity>