<?xml version = '1.0' encoding = 'UTF-8'?>
<Entity class="oracle.dbtools.crest.model.design.logical.Entity" directorySegmentName="seg_0" id="35A11993-304E-D239-C6D5-D3883C30EBD9" name="DRONE">
<createdBy>KC-G</createdBy>
<createdTime>2019-04-14 06:32:52 UTC</createdTime>
<ownerDesignName>monashDrones</ownerDesignName>
<engineerTo>
<item key="1496FC33-724B-1D7A-3608-030F4B7FFF00" value="true"/>
</engineerTo>
<adequatelyNormalized>NO</adequatelyNormalized>
<expectedVolumes>0</expectedVolumes>
<fwdEngineeringStrategyName>Single Table</fwdEngineeringStrategyName>
<growthPercent>0</growthPercent>
<growthType>Year</growthType>
<maxVolumes>9999999</maxVolumes>
<minVolumes>0</minVolumes>
<normalForm>Third</normalForm>
<attributes itemClass="oracle.dbtools.crest.model.design.logical.Attribute">
<Attribute name="drone_id" id="79A31441-8880-CC99-9D54-689B2A97FD00">
<createdBy>KC-G</createdBy>
<createdTime>2019-04-14 06:32:59 UTC</createdTime>
<comment>Drone ID idetifies a unique drone.</comment>
<commentInRDBMS>Drone ID idetifies a unique drone.</commentInRDBMS>
<ownerDesignName>monashDrones</ownerDesignName>
<engineerTo>
<item key="1496FC33-724B-1D7A-3608-030F4B7FFF00" value="true"/>
</engineerTo>
<useDomainConstraints>false</useDomainConstraints>
<use>1</use>
<logicalDatatype>LOGDT019</logicalDatatype>
<dataTypePrecision>7</dataTypePrecision>
<ownDataTypeParameters>,7,</ownDataTypeParameters>
</Attribute>
<Attribute name="platform" id="46311A71-B7A5-E44A-4073-F1DD6504AC3D">
<createdBy>KC-G</createdBy>
<createdTime>2019-04-14 06:47:35 UTC</createdTime>
<comment>platform used by the drones. </comment>
<commentInRDBMS>platform used by the drones. </commentInRDBMS>
<ownerDesignName>monashDrones</ownerDesignName>
<engineerTo>
<item key="1496FC33-724B-1D7A-3608-030F4B7FFF00" value="true"/>
</engineerTo>
<useDomainConstraints>false</useDomainConstraints>
<use>1</use>
<logicalDatatype>LOGDT024</logicalDatatype>
<dataTypeSize>50</dataTypeSize>
<ownDataTypeParameters>50,,</ownDataTypeParameters>
</Attribute>
<Attribute name="range" id="BDF02A04-C94C-9880-1B2E-5E976BBAED4B">
<createdBy>KC-G</createdBy>
<createdTime>2019-04-14 06:49:44 UTC</createdTime>
<comment>Range is the flying distance capacity of a dorne in meters. </comment>
<commentInRDBMS>Range is the flying distance capacity of a dorne in meters. </commentInRDBMS>
<ownerDesignName>monashDrones</ownerDesignName>
<engineerTo>
<item key="1496FC33-724B-1D7A-3608-030F4B7FFF00" value="true"/>
</engineerTo>
<useDomainConstraints>false</useDomainConstraints>
<use>1</use>
<logicalDatatype>LOGDT019</logicalDatatype>
<dataTypePrecision>7</dataTypePrecision>
<dataTypeScale>2</dataTypeScale>
<ownDataTypeParameters>,7,2</ownDataTypeParameters>
</Attribute>
<Attribute name="manufacture_date" id="EA1DDE37-63A9-B63F-BE0E-2949A4B4089E">
<createdBy>KC-G</createdBy>
<createdTime>2019-04-14 06:50:46 UTC</createdTime>
<comment>Manufacture date of the drone. </comment>
<commentInRDBMS>Manufacture date of the drone. </commentInRDBMS>
<ownerDesignName>monashDrones</ownerDesignName>
<engineerTo>
<item key="1496FC33-724B-1D7A-3608-030F4B7FFF00" value="true"/>
</engineerTo>
<useDomainConstraints>false</useDomainConstraints>
<use>1</use>
<logicalDatatype>LOGDT007</logicalDatatype>
<ownDataTypeParameters>,,</ownDataTypeParameters>
</Attribute>
<Attribute name="RPL_required" id="AA9614A9-8218-9663-FD4A-C7EE06AA4A8F">
<createdBy>KC-G</createdBy>
<createdTime>2019-04-14 06:51:29 UTC</createdTime>
<comment>If Remote Pilot Licence (RPL) is required for the drone (Y/S).</comment>
<commentInRDBMS>If Remote Pilot Licence (RPL) is required for the drone (Y/S).</commentInRDBMS>
<ownerDesignName>monashDrones</ownerDesignName>
<engineerTo>
<item key="1496FC33-724B-1D7A-3608-030F4B7FFF00" value="true"/>
</engineerTo>
<constraintName>RPL_required_constraint</constraintName>
<useDomainConstraints>false</useDomainConstraints>
<use>1</use>
<logicalDatatype>LOGDT025</logicalDatatype>
<dataTypeSize>1</dataTypeSize>
<listOfValues>
<valueDef value="N" description="RPL required"/>
<valueDef value="Y" description="RPL required"/>
</listOfValues>
<ownDataTypeParameters>1,,</ownDataTypeParameters>
</Attribute>
<Attribute name="drone_for_rent" id="B1EB3CCA-D20A-DBF5-CE9F-FCDDB388E913">
<createdBy>KC-G</createdBy>
<createdTime>2019-04-14 06:53:08 UTC</createdTime>
<comment>If the drone is for rent (Y/N)</comment>
<commentInRDBMS>If the drone is for rent (Y/N)</commentInRDBMS>
<ownerDesignName>monashDrones</ownerDesignName>
<engineerTo>
<item key="1496FC33-724B-1D7A-3608-030F4B7FFF00" value="true"/>
</engineerTo>
<constraintName>drone_for_rent_constraint</constraintName>
<useDomainConstraints>false</useDomainConstraints>
<use>1</use>
<logicalDatatype>LOGDT025</logicalDatatype>
<dataTypeSize>1</dataTypeSize>
<listOfValues>
<valueDef value="N" description="Drone is not for rent"/>
<valueDef value="Y" description="Drone is for rent"/>
</listOfValues>
<ownDataTypeParameters>1,,</ownDataTypeParameters>
</Attribute>
<Attribute name="drone_for_sale" id="53DC8574-648B-C892-4C99-0FD9F957BB4B">
<createdBy>KC-G</createdBy>
<createdTime>2019-04-14 06:54:07 UTC</createdTime>
<comment>If the drone is for sale (Y/N).</comment>
<commentInRDBMS>If the drone is for sale (Y/N).</commentInRDBMS>
<ownerDesignName>monashDrones</ownerDesignName>
<engineerTo>
<item key="1496FC33-724B-1D7A-3608-030F4B7FFF00" value="true"/>
</engineerTo>
<constraintName>drone_for_sale_constraing</constraintName>
<useDomainConstraints>false</useDomainConstraints>
<use>1</use>
<logicalDatatype>LOGDT025</logicalDatatype>
<dataTypeSize>1</dataTypeSize>
<listOfValues>
<valueDef value="N" description="Drone is not for sale"/>
<valueDef value="Y" description="Drone is for sale"/>
</listOfValues>
<ownDataTypeParameters>1,,</ownDataTypeParameters>
</Attribute>
<Attribute name="supplier_id" id="52EBE308-DF2A-936B-EAE5-EDB18A5A34EF">
<createdBy>KC-G</createdBy>
<createdTime>2019-04-16 04:12:29 UTC</createdTime>
<comment>Supplier&apos;s ID</comment>
<commentInRDBMS>Supplier&apos;s ID</commentInRDBMS>
<generatorID>C3299A63-4FCA-4E8E-6E9A-3895C1E2E070</generatorID>
<ownerDesignName>monashDrones</ownerDesignName>
<engineerTo>
<item key="1496FC33-724B-1D7A-3608-030F4B7FFF00" value="true"/>
</engineerTo>
<referedAttribute>9FC45D14-BF2F-F7F5-5FAD-E0608CF610BE</referedAttribute>
<useDomainConstraints>false</useDomainConstraints>
<use>1</use>
<logicalDatatype>LOGDT019</logicalDatatype>
<ownDataTypeParameters>,,</ownDataTypeParameters>
</Attribute>
</attributes>
<identifiers itemClass="oracle.dbtools.crest.model.design.logical.CandidateKey">
<identifier id="43CB8EEB-CE41-2770-32E4-E21A1007BC8E" name="DRONE PK">
<createdBy>KC-G</createdBy>
<createdTime>2019-04-14 06:33:06 UTC</createdTime>
<ownerDesignName>monashDrones</ownerDesignName>
<shouldEngineer>false</shouldEngineer>
<engineerTo>
<item key="1496FC33-724B-1D7A-3608-030F4B7FFF00" value="false"/>
</engineerTo>
<pk>true</pk>
<usedAttributes>
<attributeRef>79A31441-8880-CC99-9D54-689B2A97FD00</attributeRef>
</usedAttributes>
</identifier>
</identifiers>
</Entity>