<?xml version = '1.0' encoding = 'UTF-8'?>
<Entity class="oracle.dbtools.crest.model.design.logical.Entity" directorySegmentName="seg_0" id="54D757D3-45F7-9BE1-40EA-5AADCC35F390" name="LOAN_LINE">
<createdBy>KC-G</createdBy>
<createdTime>2019-04-16 04:28:45 UTC</createdTime>
<ownerDesignName>monashDrones</ownerDesignName>
<engineerTo>
<item key="1496FC33-724B-1D7A-3608-030F4B7FFF00" value="true"/>
</engineerTo>
<adequatelyNormalized>NO</adequatelyNormalized>
<expectedVolumes>0</expectedVolumes>
<fwdEngineeringStrategyName>Single Table</fwdEngineeringStrategyName>
<growthPercent>0</growthPercent>
<growthType>Year</growthType>
<maxVolumes>9999999</maxVolumes>
<minVolumes>0</minVolumes>
<normalForm>Third</normalForm>
<attributes itemClass="oracle.dbtools.crest.model.design.logical.Attribute">
<Attribute name="loan_id" id="C2C8AEFF-7D30-1BF2-6454-DA8B16C573AE">
<createdBy>KC-G</createdBy>
<createdTime>2019-04-16 04:29:19 UTC</createdTime>
<comment>LOAN ID is unique to every loan they place.. </comment>
<commentInRDBMS>LOAN ID is unique to every loan they place.. </commentInRDBMS>
<generatorID>AB1706E8-FECA-F5B2-DE24-31B805B7BDE6</generatorID>
<ownerDesignName>monashDrones</ownerDesignName>
<engineerTo>
<item key="1496FC33-724B-1D7A-3608-030F4B7FFF00" value="true"/>
</engineerTo>
<referedAttribute>CE640AC7-FA88-BED1-E42A-19FC5E842AEA</referedAttribute>
<useDomainConstraints>false</useDomainConstraints>
<use>1</use>
<logicalDatatype>LOGDT019</logicalDatatype>
<dataTypePrecision>7</dataTypePrecision>
<ownDataTypeParameters>,7,</ownDataTypeParameters>
</Attribute>
<Attribute name="drone_id" id="F91DA922-FC6A-CB27-8CBF-FC4BCBACB0E7">
<createdBy>KC-G</createdBy>
<createdTime>2019-04-16 04:30:25 UTC</createdTime>
<comment>Drone ID idetifies a unique drone.</comment>
<commentInRDBMS>Drone ID idetifies a unique drone.</commentInRDBMS>
<generatorID>45061C45-133D-92A5-BACB-017297C8C66F</generatorID>
<ownerDesignName>monashDrones</ownerDesignName>
<engineerTo>
<item key="1496FC33-724B-1D7A-3608-030F4B7FFF00" value="true"/>
</engineerTo>
<referedAttribute>79A31441-8880-CC99-9D54-689B2A97FD00</referedAttribute>
<useDomainConstraints>false</useDomainConstraints>
<use>1</use>
<logicalDatatype>LOGDT019</logicalDatatype>
<dataTypePrecision>7</dataTypePrecision>
<ownDataTypeParameters>,7,</ownDataTypeParameters>
</Attribute>
</attributes>
<identifiers itemClass="oracle.dbtools.crest.model.design.logical.CandidateKey">
<identifier id="827D54BA-C6C1-49F4-F612-84C0066D1C7B" name="LOAN_LINE PK">
<createdBy>KC-G</createdBy>
<createdTime>2019-04-16 04:30:51 UTC</createdTime>
<ownerDesignName>monashDrones</ownerDesignName>
<shouldEngineer>false</shouldEngineer>
<engineerTo>
<item key="1496FC33-724B-1D7A-3608-030F4B7FFF00" value="false"/>
</engineerTo>
<pk>true</pk>
<usedAttributes>
<attributeRef>F91DA922-FC6A-CB27-8CBF-FC4BCBACB0E7</attributeRef>
<attributeRef>C2C8AEFF-7D30-1BF2-6454-DA8B16C573AE</attributeRef>
</usedAttributes>
</identifier>
</identifiers>
</Entity>