<?xml version = '1.0' encoding = 'UTF-8'?>
<Entity class="oracle.dbtools.crest.model.design.logical.Entity" directorySegmentName="seg_0" id="5D6C8D01-E123-F9D7-CC8A-8C8B80C51479" name="BUSINESS">
<createdBy>KC-G</createdBy>
<createdTime>2019-04-14 07:33:27 UTC</createdTime>
<ownerDesignName>monashDrones</ownerDesignName>
<engineerTo>
<item key="1496FC33-724B-1D7A-3608-030F4B7FFF00" value="true"/>
</engineerTo>
<adequatelyNormalized>NO</adequatelyNormalized>
<expectedVolumes>0</expectedVolumes>
<fwdEngineeringStrategyName>Single Table</fwdEngineeringStrategyName>
<growthPercent>0</growthPercent>
<growthType>Year</growthType>
<hierarchicalParent>A9DC5EEE-F9E7-4561-1AB4-02ABF1756046</hierarchicalParent>
<maxVolumes>9999999</maxVolumes>
<minVolumes>0</minVolumes>
<normalForm>Third</normalForm>
<attributes itemClass="oracle.dbtools.crest.model.design.logical.Attribute">
<Attribute name="cust_ABM_no" id="B3D09AB4-3FB1-0AFE-BFDB-AA975B8FF1E8">
<createdBy>KC-G</createdBy>
<createdTime>2019-04-14 07:33:35 UTC</createdTime>
<comment>ABM number of the customer</comment>
<commentInRDBMS>ABM number of the customer</commentInRDBMS>
<ownerDesignName>monashDrones</ownerDesignName>
<engineerTo>
<item key="1496FC33-724B-1D7A-3608-030F4B7FFF00" value="true"/>
</engineerTo>
<useDomainConstraints>false</useDomainConstraints>
<use>1</use>
<logicalDatatype>LOGDT019</logicalDatatype>
<dataTypePrecision>10</dataTypePrecision>
<ownDataTypeParameters>,10,</ownDataTypeParameters>
</Attribute>
<Attribute name="cust_fax_no" id="BB9F6544-E8CD-4602-A609-ABD28AA6FAE4">
<createdBy>KC-G</createdBy>
<createdTime>2019-04-14 07:33:56 UTC</createdTime>
<comment>Fax number of a customer. </comment>
<commentInRDBMS>Fax number of a customer. </commentInRDBMS>
<ownerDesignName>monashDrones</ownerDesignName>
<engineerTo>
<item key="1496FC33-724B-1D7A-3608-030F4B7FFF00" value="true"/>
</engineerTo>
<useDomainConstraints>false</useDomainConstraints>
<use>1</use>
<logicalDatatype>LOGDT025</logicalDatatype>
<dataTypeSize>11</dataTypeSize>
<ownDataTypeParameters>11,,</ownDataTypeParameters>
</Attribute>
</attributes>
</Entity>