<?xml version = '1.0' encoding = 'UTF-8'?>
<Entity class="oracle.dbtools.crest.model.design.logical.Entity" directorySegmentName="seg_0" id="6A34C3E3-3C1F-BC7E-5E12-AF5EAF64F82C" name="TRAINING_ACTIVITY">
<createdBy>KC-G</createdBy>
<createdTime>2019-04-16 01:46:42 UTC</createdTime>
<ownerDesignName>monashDrones</ownerDesignName>
<engineerTo>
<item key="1496FC33-724B-1D7A-3608-030F4B7FFF00" value="true"/>
</engineerTo>
<adequatelyNormalized>NO</adequatelyNormalized>
<expectedVolumes>0</expectedVolumes>
<fwdEngineeringStrategyName>Single Table</fwdEngineeringStrategyName>
<growthPercent>0</growthPercent>
<growthType>Year</growthType>
<maxVolumes>9999999</maxVolumes>
<minVolumes>0</minVolumes>
<normalForm>Third</normalForm>
<attributes itemClass="oracle.dbtools.crest.model.design.logical.Attribute">
<Attribute name="training_id" id="4801F6E5-EA45-9265-1417-9166B00C42C5">
<createdBy>KC-G</createdBy>
<createdTime>2019-04-16 04:19:16 UTC</createdTime>
<comment>Surrogate key for training activity.</comment>
<commentInRDBMS>Surrogate key for training activity.</commentInRDBMS>
<ownerDesignName>monashDrones</ownerDesignName>
<engineerTo>
<item key="1496FC33-724B-1D7A-3608-030F4B7FFF00" value="true"/>
</engineerTo>
<useDomainConstraints>false</useDomainConstraints>
<use>1</use>
<logicalDatatype>LOGDT019</logicalDatatype>
<dataTypePrecision>7</dataTypePrecision>
<ownDataTypeParameters>,7,</ownDataTypeParameters>
</Attribute>
<Attribute name="emp_id" id="55D7051F-6C20-E6F9-21ED-CAA3953DF16A">
<createdBy>KC-G</createdBy>
<createdTime>2019-04-16 04:16:53 UTC</createdTime>
<comment>Unique identifier for each employee.</comment>
<commentInRDBMS>Unique identifier for each employee.</commentInRDBMS>
<generatorID>6301B988-4321-5329-C11F-C6C05C6377D1</generatorID>
<ownerDesignName>monashDrones</ownerDesignName>
<engineerTo>
<item key="1496FC33-724B-1D7A-3608-030F4B7FFF00" value="true"/>
</engineerTo>
<referedAttribute>DABC0CA9-FD0D-19AF-CA95-F77E66A89160</referedAttribute>
<useDomainConstraints>false</useDomainConstraints>
<use>1</use>
<logicalDatatype>LOGDT019</logicalDatatype>
<dataTypePrecision>7</dataTypePrecision>
<ownDataTypeParameters>,7,</ownDataTypeParameters>
</Attribute>
<Attribute name="cust_id" id="54277A13-A168-AF7D-5C15-17A11DAA5666">
<createdBy>KC-G</createdBy>
<createdTime>2019-04-16 04:18:21 UTC</createdTime>
<comment>unique identifier for a customer.</comment>
<commentInRDBMS>unique identifier for a customer.</commentInRDBMS>
<generatorID>0C25AFA1-5793-D505-BD70-6ED6198B7863</generatorID>
<ownerDesignName>monashDrones</ownerDesignName>
<engineerTo>
<item key="1496FC33-724B-1D7A-3608-030F4B7FFF00" value="true"/>
</engineerTo>
<referedAttribute>8220FC70-3CDB-A316-E372-A00326B0FE74</referedAttribute>
<useDomainConstraints>false</useDomainConstraints>
<use>1</use>
<logicalDatatype>LOGDT019</logicalDatatype>
<dataTypePrecision>7</dataTypePrecision>
<ownDataTypeParameters>,7,</ownDataTypeParameters>
</Attribute>
<Attribute name="training_date_time" id="F3EC7B2E-75BC-EB91-49AF-0AFE6EF4C43D">
<createdBy>KC-G</createdBy>
<createdTime>2019-04-16 01:46:54 UTC</createdTime>
<comment>Date and time the activity takes place.</comment>
<commentInRDBMS>Date and time the activity takes place.</commentInRDBMS>
<ownerDesignName>monashDrones</ownerDesignName>
<engineerTo>
<item key="1496FC33-724B-1D7A-3608-030F4B7FFF00" value="true"/>
</engineerTo>
<useDomainConstraints>false</useDomainConstraints>
<use>1</use>
<logicalDatatype>LOGDT007</logicalDatatype>
<ownDataTypeParameters>,,</ownDataTypeParameters>
</Attribute>
<Attribute name="drone_id" id="3CD3298D-FCCA-0096-96DC-2A0ED32DC3EA">
<createdBy>KC-G</createdBy>
<createdTime>2019-04-16 04:16:34 UTC</createdTime>
<comment>Drone ID idetifies a unique drone.</comment>
<commentInRDBMS>Drone ID idetifies a unique drone.</commentInRDBMS>
<generatorID>BBBC012E-797A-6DFE-D38B-B39BF30FFE42</generatorID>
<ownerDesignName>monashDrones</ownerDesignName>
<engineerTo>
<item key="1496FC33-724B-1D7A-3608-030F4B7FFF00" value="true"/>
</engineerTo>
<referedAttribute>79A31441-8880-CC99-9D54-689B2A97FD00</referedAttribute>
<useDomainConstraints>false</useDomainConstraints>
<use>1</use>
<logicalDatatype>LOGDT019</logicalDatatype>
<dataTypePrecision>7</dataTypePrecision>
<ownDataTypeParameters>,7,</ownDataTypeParameters>
</Attribute>
<Attribute name="training_duration " id="22AAAB6B-4B8F-9115-7D96-F41D61E5C6E7">
<createdBy>KC-G</createdBy>
<createdTime>2019-04-16 01:48:59 UTC</createdTime>
<comment>Duration of the activities in hours. </comment>
<commentInRDBMS>Duration of the activities in hours. </commentInRDBMS>
<ownerDesignName>monashDrones</ownerDesignName>
<engineerTo>
<item key="1496FC33-724B-1D7A-3608-030F4B7FFF00" value="true"/>
</engineerTo>
<useDomainConstraints>false</useDomainConstraints>
<use>1</use>
<logicalDatatype>LOGDT019</logicalDatatype>
<dataTypePrecision>5</dataTypePrecision>
<dataTypeScale>2</dataTypeScale>
<ownDataTypeParameters>,5,2</ownDataTypeParameters>
</Attribute>
<Attribute name="special_instructions" id="500BD109-7528-895F-C2F6-24A6A88A6515">
<createdBy>KC-G</createdBy>
<createdTime>2019-04-16 03:26:22 UTC</createdTime>
<comment>Employees may complete special tasks while conducting the training. </comment>
<commentInRDBMS>Employees may complete special tasks while conducting the training. </commentInRDBMS>
<ownerDesignName>monashDrones</ownerDesignName>
<engineerTo>
<item key="1496FC33-724B-1D7A-3608-030F4B7FFF00" value="true"/>
</engineerTo>
<nullsAllowed>true</nullsAllowed>
<useDomainConstraints>false</useDomainConstraints>
<use>1</use>
<logicalDatatype>LOGDT024</logicalDatatype>
<dataTypeSize>150</dataTypeSize>
<ownDataTypeParameters>150,,</ownDataTypeParameters>
</Attribute>
</attributes>
<identifiers itemClass="oracle.dbtools.crest.model.design.logical.CandidateKey">
<identifier id="EEAE3D36-D0C3-E4E8-5461-5898B18108D3" name="TRAINIG_ACTIVITY PK">
<createdBy>KC-G</createdBy>
<createdTime>2019-04-16 01:48:18 UTC</createdTime>
<ownerDesignName>monashDrones</ownerDesignName>
<shouldEngineer>false</shouldEngineer>
<engineerTo>
<item key="1496FC33-724B-1D7A-3608-030F4B7FFF00" value="false"/>
</engineerTo>
<pk>true</pk>
<newElementsIDs>4801F6E5-EA45-9265-1417-9166B00C42C5</newElementsIDs>
<usedAttributes>
<attributeRef>4801F6E5-EA45-9265-1417-9166B00C42C5</attributeRef>
</usedAttributes>
</identifier>
<identifier id="6A8AE685-3796-3D8D-DEA4-B74706A28392" name="NK_training_activity">
<createdBy>KC-G</createdBy>
<createdTime>2019-04-16 04:19:56 UTC</createdTime>
<ownerDesignName>monashDrones</ownerDesignName>
<shouldEngineer>false</shouldEngineer>
<engineerTo>
<item key="1496FC33-724B-1D7A-3608-030F4B7FFF00" value="false"/>
</engineerTo>
<newElementsIDs>6301B988-4321-5329-C11F-C6C05C6377D1,0C25AFA1-5793-D505-BD70-6ED6198B7863,F3EC7B2E-75BC-EB91-49AF-0AFE6EF4C43D</newElementsIDs>
<usedAttributes>
<attributeRef>55D7051F-6C20-E6F9-21ED-CAA3953DF16A</attributeRef>
<attributeRef>54277A13-A168-AF7D-5C15-17A11DAA5666</attributeRef>
<attributeRef>F3EC7B2E-75BC-EB91-49AF-0AFE6EF4C43D</attributeRef>
</usedAttributes>
</identifier>
</identifiers>
</Entity>