<?xml version = '1.0' encoding = 'UTF-8'?>
<Entity class="oracle.dbtools.crest.model.design.logical.Entity" directorySegmentName="seg_0" id="89AAC5B4-6F7F-959F-C7CF-0A56108FDF53" name="PAYMENT_INSTALMENT">
<createdBy>KC-G</createdBy>
<createdTime>2019-04-16 03:53:37 UTC</createdTime>
<ownerDesignName>monashDrones</ownerDesignName>
<engineerTo>
<item key="1496FC33-724B-1D7A-3608-030F4B7FFF00" value="true"/>
</engineerTo>
<adequatelyNormalized>NO</adequatelyNormalized>
<expectedVolumes>0</expectedVolumes>
<fwdEngineeringStrategyName>Single Table</fwdEngineeringStrategyName>
<growthPercent>0</growthPercent>
<growthType>Year</growthType>
<maxVolumes>9999999</maxVolumes>
<minVolumes>0</minVolumes>
<normalForm>Third</normalForm>
<attributes itemClass="oracle.dbtools.crest.model.design.logical.Attribute">
<Attribute name="pay_id" id="73CD7C0A-C282-451A-0308-9FC41E4FE417">
<createdBy>KC-G</createdBy>
<createdTime>2019-04-16 03:53:51 UTC</createdTime>
<comment>The pay_id is unique each  instalment payment made for a particular order or loan.</comment>
<commentInRDBMS>The pay_id is unique each  instalment payment made for a particular order or loan.</commentInRDBMS>
<ownerDesignName>monashDrones</ownerDesignName>
<engineerTo>
<item key="1496FC33-724B-1D7A-3608-030F4B7FFF00" value="true"/>
</engineerTo>
<useDomainConstraints>false</useDomainConstraints>
<use>1</use>
<logicalDatatype>LOGDT019</logicalDatatype>
<dataTypePrecision>7</dataTypePrecision>
<ownDataTypeParameters>,7,</ownDataTypeParameters>
</Attribute>
<Attribute name="pay_amount" id="784C3543-6AD4-3C8C-87AA-32A4FCF7909B">
<createdBy>KC-G</createdBy>
<createdTime>2019-04-16 03:55:12 UTC</createdTime>
<comment>The payment made for every instalment. </comment>
<commentInRDBMS>The payment made for every instalment. </commentInRDBMS>
<ownerDesignName>monashDrones</ownerDesignName>
<engineerTo>
<item key="1496FC33-724B-1D7A-3608-030F4B7FFF00" value="true"/>
</engineerTo>
<useDomainConstraints>false</useDomainConstraints>
<use>1</use>
<logicalDatatype>LOGDT019</logicalDatatype>
<dataTypePrecision>5</dataTypePrecision>
<dataTypeScale>2</dataTypeScale>
<ownDataTypeParameters>,5,2</ownDataTypeParameters>
</Attribute>
<Attribute name="pay_description" id="215DF420-53EB-AB1D-3969-C42C514A1394">
<createdBy>KC-G</createdBy>
<createdTime>2019-04-16 03:55:52 UTC</createdTime>
<comment>description to identify each instalment.</comment>
<commentInRDBMS>description to identify each instalment.</commentInRDBMS>
<ownerDesignName>monashDrones</ownerDesignName>
<engineerTo>
<item key="1496FC33-724B-1D7A-3608-030F4B7FFF00" value="true"/>
</engineerTo>
<useDomainConstraints>false</useDomainConstraints>
<use>1</use>
<logicalDatatype>LOGDT024</logicalDatatype>
<dataTypeSize>100</dataTypeSize>
<ownDataTypeParameters>100,,</ownDataTypeParameters>
</Attribute>
<Attribute name="order_id" id="06E9FB44-66D9-5ACC-DC1B-00C131DB81F7">
<createdBy>KC-G</createdBy>
<createdTime>2019-04-16 04:37:12 UTC</createdTime>
<comment>Order ID is unique for every order a customer makes. </comment>
<commentInRDBMS>Order ID is unique for every order a customer makes. </commentInRDBMS>
<generatorID>AC266D84-E550-9013-5095-EACE2B410FD1</generatorID>
<ownerDesignName>monashDrones</ownerDesignName>
<engineerTo>
<item key="1496FC33-724B-1D7A-3608-030F4B7FFF00" value="true"/>
</engineerTo>
<nullsAllowed>true</nullsAllowed>
<referedAttribute>9AE396F5-C10D-A321-6C35-FA7F9F38587F</referedAttribute>
<useDomainConstraints>false</useDomainConstraints>
<use>1</use>
<logicalDatatype>LOGDT019</logicalDatatype>
<dataTypePrecision>7</dataTypePrecision>
<ownDataTypeParameters>,7,</ownDataTypeParameters>
</Attribute>
<Attribute name="loan_id" id="105D2471-AF9A-0B8C-14B6-DE1A105C9276">
<createdBy>HP</createdBy>
<createdTime>2019-04-25 02:09:50 UTC</createdTime>
<comment>LOAN ID is unique to every loan they place.. </comment>
<commentInRDBMS>LOAN ID is unique to every loan they place.. </commentInRDBMS>
<generatorID>F54D2684-B693-3E46-2142-9172EDB90B8D</generatorID>
<ownerDesignName>monashDrones</ownerDesignName>
<engineerTo>
<item key="1496FC33-724B-1D7A-3608-030F4B7FFF00" value="true"/>
</engineerTo>
<nullsAllowed>true</nullsAllowed>
<referedAttribute>CE640AC7-FA88-BED1-E42A-19FC5E842AEA</referedAttribute>
<useDomainConstraints>false</useDomainConstraints>
<use>1</use>
<logicalDatatype>LOGDT019</logicalDatatype>
<dataTypePrecision>7</dataTypePrecision>
<ownDataTypeParameters>,7,</ownDataTypeParameters>
</Attribute>
</attributes>
<identifiers itemClass="oracle.dbtools.crest.model.design.logical.CandidateKey">
<identifier id="20C26649-B65B-233F-67AF-EB3F55B62ABD" name="PAYMENT_INSTALMENT_PK">
<createdBy>KC-G</createdBy>
<createdTime>2019-04-16 03:54:05 UTC</createdTime>
<ownerDesignName>monashDrones</ownerDesignName>
<engineerTo>
<item key="1496FC33-724B-1D7A-3608-030F4B7FFF00" value="true"/>
</engineerTo>
<pk>true</pk>
<newElementsIDs>73CD7C0A-C282-451A-0308-9FC41E4FE417</newElementsIDs>
<usedAttributes>
<attributeRef>73CD7C0A-C282-451A-0308-9FC41E4FE417</attributeRef>
</usedAttributes>
</identifier>
</identifiers>
</Entity>