<?xml version = '1.0' encoding = 'UTF-8'?>
<Entity class="oracle.dbtools.crest.model.design.logical.Entity" directorySegmentName="seg_0" id="A9DC5EEE-F9E7-4561-1AB4-02ABF1756046" name="CUSTOMER">
<createdBy>KC-G</createdBy>
<createdTime>2019-04-14 07:23:59 UTC</createdTime>
<ownerDesignName>monashDrones</ownerDesignName>
<engineerTo>
<item key="1496FC33-724B-1D7A-3608-030F4B7FFF00" value="true"/>
</engineerTo>
<adequatelyNormalized>NO</adequatelyNormalized>
<expectedVolumes>0</expectedVolumes>
<fwdEngineeringStrategyName>Single Table</fwdEngineeringStrategyName>
<growthPercent>0</growthPercent>
<growthType>Year</growthType>
<maxVolumes>9999999</maxVolumes>
<minVolumes>0</minVolumes>
<normalForm>Third</normalForm>
<attributes itemClass="oracle.dbtools.crest.model.design.logical.Attribute">
<Attribute name="cust_id" id="8220FC70-3CDB-A316-E372-A00326B0FE74">
<createdBy>KC-G</createdBy>
<createdTime>2019-04-14 07:24:07 UTC</createdTime>
<comment>unique identifier for a customer.</comment>
<commentInRDBMS>unique identifier for a customer.</commentInRDBMS>
<ownerDesignName>monashDrones</ownerDesignName>
<engineerTo>
<item key="1496FC33-724B-1D7A-3608-030F4B7FFF00" value="true"/>
</engineerTo>
<useDomainConstraints>false</useDomainConstraints>
<use>1</use>
<logicalDatatype>LOGDT019</logicalDatatype>
<dataTypePrecision>7</dataTypePrecision>
<ownDataTypeParameters>,7,</ownDataTypeParameters>
</Attribute>
<Attribute name="cust_address" id="5562EDC0-C5AF-6195-2398-B4ACA2841B78">
<createdBy>KC-G</createdBy>
<createdTime>2019-04-16 04:01:56 UTC</createdTime>
<comment>The address of the customer.</comment>
<commentInRDBMS>The address of the customer.</commentInRDBMS>
<ownerDesignName>monashDrones</ownerDesignName>
<engineerTo>
<item key="1496FC33-724B-1D7A-3608-030F4B7FFF00" value="true"/>
</engineerTo>
<useDomainConstraints>false</useDomainConstraints>
<use>1</use>
<logicalDatatype>LOGDT024</logicalDatatype>
<dataTypeSize>150</dataTypeSize>
<ownDataTypeParameters>150,,</ownDataTypeParameters>
</Attribute>
<Attribute name="cust_email" id="3963A73F-61AA-8586-7934-CA91AF1BF477">
<createdBy>KC-G</createdBy>
<createdTime>2019-04-14 07:24:44 UTC</createdTime>
<comment>Email address of a customer.</comment>
<commentInRDBMS>Email address of a customer.</commentInRDBMS>
<ownerDesignName>monashDrones</ownerDesignName>
<engineerTo>
<item key="1496FC33-724B-1D7A-3608-030F4B7FFF00" value="true"/>
</engineerTo>
<useDomainConstraints>false</useDomainConstraints>
<use>1</use>
<logicalDatatype>LOGDT024</logicalDatatype>
<dataTypeSize>50</dataTypeSize>
<ownDataTypeParameters>50,,</ownDataTypeParameters>
</Attribute>
<Attribute name="cust_contact_no" id="34CBC2D0-2CA6-0C8F-2202-DD9D1A3A9885">
<createdBy>KC-G</createdBy>
<createdTime>2019-04-14 07:25:09 UTC</createdTime>
<comment>Mobile number of a customer.</comment>
<commentInRDBMS>Mobile number of a customer.</commentInRDBMS>
<ownerDesignName>monashDrones</ownerDesignName>
<engineerTo>
<item key="1496FC33-724B-1D7A-3608-030F4B7FFF00" value="true"/>
</engineerTo>
<useDomainConstraints>false</useDomainConstraints>
<use>1</use>
<logicalDatatype>LOGDT025</logicalDatatype>
<dataTypeSize>10</dataTypeSize>
<ownDataTypeParameters>10,,</ownDataTypeParameters>
</Attribute>
<Attribute name="cust_type" id="C5D3EA00-BBF7-FF91-B965-DD87336F08B5">
<createdBy>KC-G</createdBy>
<createdTime>2019-04-14 07:25:45 UTC</createdTime>
<comment>Cutomer type - Individual or Bussiness, I/B respectively. </comment>
<commentInRDBMS>Cutomer type - Individual or Bussiness, I/B respectively. </commentInRDBMS>
<ownerDesignName>monashDrones</ownerDesignName>
<engineerTo>
<item key="1496FC33-724B-1D7A-3608-030F4B7FFF00" value="true"/>
</engineerTo>
<constraintName>cust_type_constraints</constraintName>
<useDomainConstraints>false</useDomainConstraints>
<use>1</use>
<logicalDatatype>LOGDT025</logicalDatatype>
<dataTypeSize>1</dataTypeSize>
<listOfValues>
<valueDef value="B" description="business customer"/>
<valueDef value="I" description="individual customer"/>
</listOfValues>
<ownDataTypeParameters>1,,</ownDataTypeParameters>
</Attribute>
</attributes>
<identifiers itemClass="oracle.dbtools.crest.model.design.logical.CandidateKey">
<identifier id="DECC74F1-60F2-A9F1-0675-3CE556AFC346" name="CUSTOMER PK">
<createdBy>KC-G</createdBy>
<createdTime>2019-04-14 07:24:22 UTC</createdTime>
<ownerDesignName>monashDrones</ownerDesignName>
<shouldEngineer>false</shouldEngineer>
<engineerTo>
<item key="1496FC33-724B-1D7A-3608-030F4B7FFF00" value="false"/>
</engineerTo>
<pk>true</pk>
<usedAttributes>
<attributeRef>8220FC70-3CDB-A316-E372-A00326B0FE74</attributeRef>
</usedAttributes>
</identifier>
</identifiers>
</Entity>