<?xml version = '1.0' encoding = 'UTF-8'?>
<Entity class="oracle.dbtools.crest.model.design.logical.Entity" directorySegmentName="seg_0" id="AB2F2268-6CFB-819E-B358-BB252103DDB9" name="DRONE_FOR_SALE">
<createdBy>KC-G</createdBy>
<createdTime>2019-04-14 06:55:04 UTC</createdTime>
<ownerDesignName>monashDrones</ownerDesignName>
<engineerTo>
<item key="1496FC33-724B-1D7A-3608-030F4B7FFF00" value="true"/>
</engineerTo>
<adequatelyNormalized>NO</adequatelyNormalized>
<expectedVolumes>0</expectedVolumes>
<fwdEngineeringStrategyName>Single Table</fwdEngineeringStrategyName>
<growthPercent>0</growthPercent>
<growthType>Year</growthType>
<hierarchicalParent>35A11993-304E-D239-C6D5-D3883C30EBD9</hierarchicalParent>
<maxVolumes>9999999</maxVolumes>
<minVolumes>0</minVolumes>
<normalForm>Third</normalForm>
<attributes itemClass="oracle.dbtools.crest.model.design.logical.Attribute">
<Attribute name="warranty_period" id="C2E13C22-C9E0-DA61-B9C4-013D4312677E">
<createdBy>KC-G</createdBy>
<createdTime>2019-04-14 06:55:18 UTC</createdTime>
<comment>waranty period in years. between 1 to 5 years. </comment>
<commentInRDBMS>waranty period in years. between 1 to 5 years. </commentInRDBMS>
<ownerDesignName>monashDrones</ownerDesignName>
<engineerTo>
<item key="1496FC33-724B-1D7A-3608-030F4B7FFF00" value="true"/>
</engineerTo>
<constraintName>warranty_period_constraint</constraintName>
<useDomainConstraints>false</useDomainConstraints>
<use>1</use>
<logicalDatatype>LOGDT019</logicalDatatype>
<dataTypePrecision>1</dataTypePrecision>
<ownDataTypeParameters>,1,</ownDataTypeParameters>
<listOfRanges>
<rangeDef class="oracle.dbtools.crest.model.design.constraint.AVT">
<beginValue>1</beginValue>
<endValue>5</endValue>
<description>Warranty period 1-5</description>
</rangeDef>
</listOfRanges>
</Attribute>
<Attribute name="selling_price" id="F0751037-CA5A-BA19-64C2-884EBF405D4D">
<createdBy>KC-G</createdBy>
<createdTime>2019-04-14 06:56:21 UTC</createdTime>
<comment>The price of the drone.</comment>
<commentInRDBMS>The price of the drone.</commentInRDBMS>
<ownerDesignName>monashDrones</ownerDesignName>
<engineerTo>
<item key="1496FC33-724B-1D7A-3608-030F4B7FFF00" value="true"/>
</engineerTo>
<useDomainConstraints>false</useDomainConstraints>
<use>1</use>
<logicalDatatype>LOGDT019</logicalDatatype>
<dataTypePrecision>7</dataTypePrecision>
<dataTypeScale>2</dataTypeScale>
<ownDataTypeParameters>,7,2</ownDataTypeParameters>
</Attribute>
</attributes>
</Entity>