<?xml version = '1.0' encoding = 'UTF-8'?>
<Entity class="oracle.dbtools.crest.model.design.logical.Entity" directorySegmentName="seg_0" id="B6561B4A-C975-6835-C9AD-0C4F7C427446" name="DRONE_FOR_RENT">
<createdBy>KC-G</createdBy>
<createdTime>2019-04-14 06:57:15 UTC</createdTime>
<ownerDesignName>monashDrones</ownerDesignName>
<engineerTo>
<item key="1496FC33-724B-1D7A-3608-030F4B7FFF00" value="true"/>
</engineerTo>
<adequatelyNormalized>NO</adequatelyNormalized>
<expectedVolumes>0</expectedVolumes>
<fwdEngineeringStrategyName>Single Table</fwdEngineeringStrategyName>
<growthPercent>0</growthPercent>
<growthType>Year</growthType>
<hierarchicalParent>35A11993-304E-D239-C6D5-D3883C30EBD9</hierarchicalParent>
<maxVolumes>9999999</maxVolumes>
<minVolumes>0</minVolumes>
<normalForm>Third</normalForm>
<attributes itemClass="oracle.dbtools.crest.model.design.logical.Attribute">
<Attribute name="rental_hour_rate" id="C1918517-E0D7-5E5F-5D5A-E39FAF95824A">
<createdBy>KC-G</createdBy>
<createdTime>2019-04-14 06:57:29 UTC</createdTime>
<comment>Rental hourly rate for a drone</comment>
<commentInRDBMS>Rental hourly rate for a drone</commentInRDBMS>
<ownerDesignName>monashDrones</ownerDesignName>
<engineerTo>
<item key="1496FC33-724B-1D7A-3608-030F4B7FFF00" value="true"/>
</engineerTo>
<useDomainConstraints>false</useDomainConstraints>
<use>1</use>
<logicalDatatype>LOGDT019</logicalDatatype>
<dataTypePrecision>7</dataTypePrecision>
<dataTypeScale>2</dataTypeScale>
<ownDataTypeParameters>,7,2</ownDataTypeParameters>
</Attribute>
<Attribute name="late_penalty_rate" id="17B34DF5-A043-01FB-9615-1365087FB977">
<createdBy>KC-G</createdBy>
<createdTime>2019-04-14 07:08:53 UTC</createdTime>
<comment>Late penalty rate is charged to customers when they return the drone after the expected date and return time. </comment>
<commentInRDBMS>Late penalty rate is charged to customers when they return the drone after the expected date and return time. </commentInRDBMS>
<ownerDesignName>monashDrones</ownerDesignName>
<engineerTo>
<item key="1496FC33-724B-1D7A-3608-030F4B7FFF00" value="true"/>
</engineerTo>
<useDomainConstraints>false</useDomainConstraints>
<use>1</use>
<logicalDatatype>LOGDT019</logicalDatatype>
<dataTypePrecision>7</dataTypePrecision>
<dataTypeScale>2</dataTypeScale>
<ownDataTypeParameters>,7,2</ownDataTypeParameters>
</Attribute>
</attributes>
</Entity>