<?xml version = '1.0' encoding = 'UTF-8'?>
<Entity class="oracle.dbtools.crest.model.design.logical.Entity" directorySegmentName="seg_0" id="C7AE91AA-E4DC-7F09-DC77-475B5AAA863C" name="EMPLOYEE">
<createdBy>KC-G</createdBy>
<createdTime>2019-04-14 07:18:07 UTC</createdTime>
<ownerDesignName>monashDrones</ownerDesignName>
<engineerTo>
<item key="1496FC33-724B-1D7A-3608-030F4B7FFF00" value="true"/>
</engineerTo>
<adequatelyNormalized>NO</adequatelyNormalized>
<expectedVolumes>0</expectedVolumes>
<fwdEngineeringStrategyName>Single Table</fwdEngineeringStrategyName>
<growthPercent>0</growthPercent>
<growthType>Year</growthType>
<maxVolumes>9999999</maxVolumes>
<minVolumes>0</minVolumes>
<normalForm>Third</normalForm>
<attributes itemClass="oracle.dbtools.crest.model.design.logical.Attribute">
<Attribute name="emp_id" id="DABC0CA9-FD0D-19AF-CA95-F77E66A89160">
<createdBy>KC-G</createdBy>
<createdTime>2019-04-14 07:18:14 UTC</createdTime>
<comment>Unique identifier for each employee.</comment>
<commentInRDBMS>Unique identifier for each employee.</commentInRDBMS>
<ownerDesignName>monashDrones</ownerDesignName>
<engineerTo>
<item key="1496FC33-724B-1D7A-3608-030F4B7FFF00" value="true"/>
</engineerTo>
<useDomainConstraints>false</useDomainConstraints>
<use>1</use>
<logicalDatatype>LOGDT019</logicalDatatype>
<dataTypePrecision>7</dataTypePrecision>
<ownDataTypeParameters>,7,</ownDataTypeParameters>
</Attribute>
<Attribute name="emp_DOB" id="B129B00D-7804-1893-37C7-EC1DBAAC0AA0">
<createdBy>KC-G</createdBy>
<createdTime>2019-04-14 07:18:42 UTC</createdTime>
<comment>Date of birth of employees. </comment>
<commentInRDBMS>Date of birth of employees. </commentInRDBMS>
<ownerDesignName>monashDrones</ownerDesignName>
<engineerTo>
<item key="1496FC33-724B-1D7A-3608-030F4B7FFF00" value="true"/>
</engineerTo>
<useDomainConstraints>false</useDomainConstraints>
<use>1</use>
<logicalDatatype>LOGDT007</logicalDatatype>
<ownDataTypeParameters>,,</ownDataTypeParameters>
</Attribute>
<Attribute name="emp_address" id="86FE1803-D725-86E7-899E-00772462D27D">
<createdBy>KC-G</createdBy>
<createdTime>2019-04-14 07:19:14 UTC</createdTime>
<comment>Employee&apos;s address</comment>
<commentInRDBMS>Employee&apos;s address</commentInRDBMS>
<ownerDesignName>monashDrones</ownerDesignName>
<engineerTo>
<item key="1496FC33-724B-1D7A-3608-030F4B7FFF00" value="true"/>
</engineerTo>
<useDomainConstraints>false</useDomainConstraints>
<use>1</use>
<logicalDatatype>LOGDT024</logicalDatatype>
<dataTypeSize>50</dataTypeSize>
<ownDataTypeParameters>50,,</ownDataTypeParameters>
</Attribute>
<Attribute name="RPL_no" id="D38047C3-C9BB-D387-4CF8-B9C786D0A771">
<createdBy>KC-G</createdBy>
<createdTime>2019-04-14 07:19:38 UTC</createdTime>
<comment>Remote pilot license number(not mandatory for all employees)</comment>
<commentInRDBMS>Remote pilot license number(not mandatory for all employees)</commentInRDBMS>
<ownerDesignName>monashDrones</ownerDesignName>
<engineerTo>
<item key="1496FC33-724B-1D7A-3608-030F4B7FFF00" value="true"/>
</engineerTo>
<nullsAllowed>true</nullsAllowed>
<useDomainConstraints>false</useDomainConstraints>
<use>1</use>
<logicalDatatype>LOGDT019</logicalDatatype>
<dataTypePrecision>7</dataTypePrecision>
<ownDataTypeParameters>,7,</ownDataTypeParameters>
</Attribute>
<Attribute name="emp_contact_no" id="B0C81336-C846-FC70-ECD1-E38973A9305B">
<createdBy>KC-G</createdBy>
<createdTime>2019-04-14 07:22:40 UTC</createdTime>
<comment>mobile contact no. of employees.</comment>
<commentInRDBMS>mobile contact no. of employees.</commentInRDBMS>
<ownerDesignName>monashDrones</ownerDesignName>
<engineerTo>
<item key="1496FC33-724B-1D7A-3608-030F4B7FFF00" value="true"/>
</engineerTo>
<useDomainConstraints>false</useDomainConstraints>
<use>1</use>
<logicalDatatype>LOGDT025</logicalDatatype>
<dataTypeSize>10</dataTypeSize>
<ownDataTypeParameters>10,,</ownDataTypeParameters>
</Attribute>
</attributes>
<identifiers itemClass="oracle.dbtools.crest.model.design.logical.CandidateKey">
<identifier id="8093E117-DCB1-348F-C205-DD4932AD63CD" name="EMPLOYEE PK">
<createdBy>KC-G</createdBy>
<createdTime>2019-04-14 07:18:25 UTC</createdTime>
<ownerDesignName>monashDrones</ownerDesignName>
<shouldEngineer>false</shouldEngineer>
<engineerTo>
<item key="1496FC33-724B-1D7A-3608-030F4B7FFF00" value="false"/>
</engineerTo>
<pk>true</pk>
<usedAttributes>
<attributeRef>DABC0CA9-FD0D-19AF-CA95-F77E66A89160</attributeRef>
</usedAttributes>
</identifier>
</identifiers>
</Entity>