<?xml version = '1.0' encoding = 'UTF-8'?>
<Entity class="oracle.dbtools.crest.model.design.logical.Entity" directorySegmentName="seg_0" id="CACCCA92-3BDB-8CA1-0E14-669BF25DD571" name="INDIVIDUAL">
<createdBy>KC-G</createdBy>
<createdTime>2019-04-14 07:32:09 UTC</createdTime>
<ownerDesignName>monashDrones</ownerDesignName>
<engineerTo>
<item key="1496FC33-724B-1D7A-3608-030F4B7FFF00" value="true"/>
</engineerTo>
<adequatelyNormalized>NO</adequatelyNormalized>
<expectedVolumes>0</expectedVolumes>
<fwdEngineeringStrategyName>Single Table</fwdEngineeringStrategyName>
<growthPercent>0</growthPercent>
<growthType>Year</growthType>
<hierarchicalParent>A9DC5EEE-F9E7-4561-1AB4-02ABF1756046</hierarchicalParent>
<maxVolumes>9999999</maxVolumes>
<minVolumes>0</minVolumes>
<normalForm>Third</normalForm>
<attributes itemClass="oracle.dbtools.crest.model.design.logical.Attribute">
<Attribute name="cust_gender" id="99EB0FD0-F4FC-503D-20A3-865AB5F7930C">
<createdBy>KC-G</createdBy>
<createdTime>2019-04-14 07:32:28 UTC</createdTime>
<comment>Gender - M/F</comment>
<commentInRDBMS>Gender - M/F</commentInRDBMS>
<ownerDesignName>monashDrones</ownerDesignName>
<engineerTo>
<item key="1496FC33-724B-1D7A-3608-030F4B7FFF00" value="true"/>
</engineerTo>
<constraintName>cust_gender_constraint</constraintName>
<useDomainConstraints>false</useDomainConstraints>
<use>1</use>
<logicalDatatype>LOGDT025</logicalDatatype>
<dataTypeSize>1</dataTypeSize>
<listOfValues>
<valueDef value="F" description="Female"/>
<valueDef value="M" description="Male"/>
</listOfValues>
<ownDataTypeParameters>1,,</ownDataTypeParameters>
</Attribute>
<Attribute name="cust_age_range" id="25640D62-DC5E-B0B7-6611-5B4ED5F38B1D">
<createdBy>KC-G</createdBy>
<createdTime>2019-04-14 07:32:58 UTC</createdTime>
<comment>Age range of customer</comment>
<commentInRDBMS>Age range of customer</commentInRDBMS>
<ownerDesignName>monashDrones</ownerDesignName>
<engineerTo>
<item key="1496FC33-724B-1D7A-3608-030F4B7FFF00" value="true"/>
</engineerTo>
<constraintName>cust_age_range_constraint</constraintName>
<useDomainConstraints>false</useDomainConstraints>
<use>1</use>
<logicalDatatype>LOGDT019</logicalDatatype>
<dataTypePrecision>3</dataTypePrecision>
<ownDataTypeParameters>,3,</ownDataTypeParameters>
<listOfRanges>
<rangeDef class="oracle.dbtools.crest.model.design.constraint.AVT">
<beginValue>18</beginValue>
<endValue>24</endValue>
<description>Age between 18-24</description>
</rangeDef>
<rangeDef class="oracle.dbtools.crest.model.design.constraint.AVT">
<beginValue>25</beginValue>
<endValue>34</endValue>
<description>Age between 25-34</description>
</rangeDef>
<rangeDef class="oracle.dbtools.crest.model.design.constraint.AVT">
<beginValue>35</beginValue>
<endValue>44</endValue>
<description>Age between 35-44</description>
</rangeDef>
<rangeDef class="oracle.dbtools.crest.model.design.constraint.AVT">
<beginValue>45</beginValue>
<endValue>60</endValue>
<description>Age between 45-60</description>
</rangeDef>
<rangeDef class="oracle.dbtools.crest.model.design.constraint.AVT">
<beginValue>61</beginValue>
<endValue>80</endValue>
<description>Age between 61-80</description>
</rangeDef>
<rangeDef class="oracle.dbtools.crest.model.design.constraint.AVT">
<beginValue>81</beginValue>
<endValue>100</endValue>
<description>Age between 81-100</description>
</rangeDef>
</listOfRanges>
</Attribute>
</attributes>
</Entity>