<?xml version = '1.0' encoding = 'UTF-8'?>
<Entity class="oracle.dbtools.crest.model.design.logical.Entity" directorySegmentName="seg_0" id="D5C91993-89D0-2593-C7EC-C21652E74900" name="LOAN">
<createdBy>KC-G</createdBy>
<createdTime>2019-04-16 03:46:55 UTC</createdTime>
<ownerDesignName>monashDrones</ownerDesignName>
<engineerTo>
<item key="1496FC33-724B-1D7A-3608-030F4B7FFF00" value="true"/>
</engineerTo>
<adequatelyNormalized>NO</adequatelyNormalized>
<expectedVolumes>0</expectedVolumes>
<fwdEngineeringStrategyName>Single Table</fwdEngineeringStrategyName>
<growthPercent>0</growthPercent>
<growthType>Year</growthType>
<maxVolumes>9999999</maxVolumes>
<minVolumes>0</minVolumes>
<normalForm>Third</normalForm>
<attributes itemClass="oracle.dbtools.crest.model.design.logical.Attribute">
<Attribute name="loan_id" id="CE640AC7-FA88-BED1-E42A-19FC5E842AEA">
<createdBy>KC-G</createdBy>
<createdTime>2019-04-16 03:47:54 UTC</createdTime>
<comment>LOAN ID is unique to every loan they place.. </comment>
<commentInRDBMS>LOAN ID is unique to every loan they place.. </commentInRDBMS>
<ownerDesignName>monashDrones</ownerDesignName>
<engineerTo>
<item key="1496FC33-724B-1D7A-3608-030F4B7FFF00" value="true"/>
</engineerTo>
<useDomainConstraints>false</useDomainConstraints>
<use>1</use>
<logicalDatatype>LOGDT019</logicalDatatype>
<dataTypePrecision>7</dataTypePrecision>
<ownDataTypeParameters>,7,</ownDataTypeParameters>
</Attribute>
<Attribute name="loan_date_time" id="4ACE67EE-0B37-7D93-92CA-451A660DD254">
<createdBy>KC-G</createdBy>
<createdTime>2019-04-16 03:51:22 UTC</createdTime>
<comment>The date and time of the loan placed.</comment>
<commentInRDBMS>The date and time of the loan placed.</commentInRDBMS>
<ownerDesignName>monashDrones</ownerDesignName>
<engineerTo>
<item key="1496FC33-724B-1D7A-3608-030F4B7FFF00" value="true"/>
</engineerTo>
<useDomainConstraints>false</useDomainConstraints>
<use>1</use>
<logicalDatatype>LOGDT007</logicalDatatype>
<ownDataTypeParameters>,,</ownDataTypeParameters>
</Attribute>
<Attribute name="due_date_time" id="C7F929B6-4B2D-CC4E-D53E-4A5CD96F7050">
<createdBy>KC-G</createdBy>
<createdTime>2019-04-16 03:52:01 UTC</createdTime>
<comment>The due to return the drones rented.</comment>
<commentInRDBMS>The due to return the drones rented.</commentInRDBMS>
<ownerDesignName>monashDrones</ownerDesignName>
<engineerTo>
<item key="1496FC33-724B-1D7A-3608-030F4B7FFF00" value="true"/>
</engineerTo>
<useDomainConstraints>false</useDomainConstraints>
<use>1</use>
<logicalDatatype>LOGDT007</logicalDatatype>
<ownDataTypeParameters>,,</ownDataTypeParameters>
</Attribute>
<Attribute name="cust_id" id="81238FC8-5BA9-C5B1-0255-FB4527EFD92D">
<createdBy>KC-G</createdBy>
<createdTime>2019-04-16 04:27:52 UTC</createdTime>
<comment>unique identifier for a customer.</comment>
<commentInRDBMS>unique identifier for a customer.</commentInRDBMS>
<generatorID>719618B9-8866-2718-3924-7DC1B9FBAF4A</generatorID>
<ownerDesignName>monashDrones</ownerDesignName>
<engineerTo>
<item key="1496FC33-724B-1D7A-3608-030F4B7FFF00" value="true"/>
</engineerTo>
<referedAttribute>8220FC70-3CDB-A316-E372-A00326B0FE74</referedAttribute>
<useDomainConstraints>false</useDomainConstraints>
<use>1</use>
<logicalDatatype>LOGDT019</logicalDatatype>
<dataTypePrecision>7</dataTypePrecision>
<ownDataTypeParameters>,7,</ownDataTypeParameters>
</Attribute>
</attributes>
<identifiers itemClass="oracle.dbtools.crest.model.design.logical.CandidateKey">
<identifier id="B2C2453D-3DC0-8AD7-E4ED-EE7B9322E726" name="LOAN PK">
<createdBy>KC-G</createdBy>
<createdTime>2019-04-16 03:48:25 UTC</createdTime>
<ownerDesignName>monashDrones</ownerDesignName>
<shouldEngineer>false</shouldEngineer>
<engineerTo>
<item key="1496FC33-724B-1D7A-3608-030F4B7FFF00" value="false"/>
</engineerTo>
<pk>true</pk>
<usedAttributes>
<attributeRef>CE640AC7-FA88-BED1-E42A-19FC5E842AEA</attributeRef>
</usedAttributes>
</identifier>
</identifiers>
</Entity>