<?xml version = '1.0' encoding = 'UTF-8'?>
<Entity class="oracle.dbtools.crest.model.design.logical.Entity" directorySegmentName="seg_0" id="D8AA1877-630A-2693-4E2C-D518E7FB612A" name="ORDER_LINE">
<createdBy>KC-G</createdBy>
<createdTime>2019-04-16 04:35:19 UTC</createdTime>
<ownerDesignName>monashDrones</ownerDesignName>
<engineerTo>
<item key="1496FC33-724B-1D7A-3608-030F4B7FFF00" value="true"/>
</engineerTo>
<adequatelyNormalized>NO</adequatelyNormalized>
<expectedVolumes>0</expectedVolumes>
<fwdEngineeringStrategyName>Single Table</fwdEngineeringStrategyName>
<growthPercent>0</growthPercent>
<growthType>Year</growthType>
<maxVolumes>9999999</maxVolumes>
<minVolumes>0</minVolumes>
<normalForm>Third</normalForm>
<attributes itemClass="oracle.dbtools.crest.model.design.logical.Attribute">
<Attribute name="order_id" id="2D8A2D3D-4DD9-5D48-DC03-71245AEEDCF2">
<createdBy>KC-G</createdBy>
<createdTime>2019-04-16 04:36:03 UTC</createdTime>
<comment>Order ID is unique for every order a customer makes. </comment>
<commentInRDBMS>Order ID is unique for every order a customer makes. </commentInRDBMS>
<generatorID>1AC314E4-9856-FE78-50DA-473C85F37858</generatorID>
<ownerDesignName>monashDrones</ownerDesignName>
<engineerTo>
<item key="1496FC33-724B-1D7A-3608-030F4B7FFF00" value="true"/>
</engineerTo>
<referedAttribute>9AE396F5-C10D-A321-6C35-FA7F9F38587F</referedAttribute>
<useDomainConstraints>false</useDomainConstraints>
<use>1</use>
<logicalDatatype>LOGDT019</logicalDatatype>
<dataTypePrecision>7</dataTypePrecision>
<ownDataTypeParameters>,7,</ownDataTypeParameters>
</Attribute>
<Attribute name="drone_id" id="6803F95B-BE5A-3F93-7563-0894CBC10A64">
<createdBy>KC-G</createdBy>
<createdTime>2019-04-16 04:35:36 UTC</createdTime>
<comment>Drone ID idetifies a unique drone.</comment>
<commentInRDBMS>Drone ID idetifies a unique drone.</commentInRDBMS>
<generatorID>B7E03708-C80D-E6FB-A7E5-19CFAD16743D</generatorID>
<ownerDesignName>monashDrones</ownerDesignName>
<engineerTo>
<item key="1496FC33-724B-1D7A-3608-030F4B7FFF00" value="true"/>
</engineerTo>
<referedAttribute>79A31441-8880-CC99-9D54-689B2A97FD00</referedAttribute>
<useDomainConstraints>false</useDomainConstraints>
<use>1</use>
<logicalDatatype>LOGDT019</logicalDatatype>
<dataTypePrecision>7</dataTypePrecision>
<ownDataTypeParameters>,7,</ownDataTypeParameters>
</Attribute>
</attributes>
<identifiers itemClass="oracle.dbtools.crest.model.design.logical.CandidateKey">
<identifier id="A4CACF1A-7EF3-93B8-58D1-C937A74B9238" name="ORDER_LINE PK">
<createdBy>KC-G</createdBy>
<createdTime>2019-04-16 04:36:24 UTC</createdTime>
<ownerDesignName>monashDrones</ownerDesignName>
<shouldEngineer>false</shouldEngineer>
<engineerTo>
<item key="1496FC33-724B-1D7A-3608-030F4B7FFF00" value="false"/>
</engineerTo>
<pk>true</pk>
<usedAttributes>
<attributeRef>2D8A2D3D-4DD9-5D48-DC03-71245AEEDCF2</attributeRef>
<attributeRef>6803F95B-BE5A-3F93-7563-0894CBC10A64</attributeRef>
</usedAttributes>
</identifier>
</identifiers>
</Entity>