<?xml version = '1.0' encoding = 'UTF-8'?>
<Relation class="oracle.dbtools.crest.model.design.logical.Relation" name="CUSTOMER_REQUESTS_TRAINING" directorySegmentName="seg_0" id="0C25AFA1-5793-D505-BD70-6ED6198B7863">
<createdBy>KC-G</createdBy>
<createdTime>2019-04-16 04:18:21 UTC</createdTime>
<ownerDesignName>monashDrones</ownerDesignName>
<engineerTo>
<item key="1496FC33-724B-1D7A-3608-030F4B7FFF00" value="true"/>
</engineerTo>
<sourcePk>DECC74F1-60F2-A9F1-0675-3CE556AFC346</sourcePk>
<identifying>false</identifying>
<nameOnSource>requests</nameOnSource>
<optionalSource>true</optionalSource>
<optionalTarget>false</optionalTarget>
<sourceCardinality>1</sourceCardinality>
<sourceEntity>A9DC5EEE-F9E7-4561-1AB4-02ABF1756046</sourceEntity>
<targetCardinalityString>*</targetCardinalityString>
<targetEntity>6A34C3E3-3C1F-BC7E-5E12-AF5EAF64F82C</targetEntity>
<transferable>true</transferable>
<deleteRule>NO ACTION</deleteRule>
</Relation>