<?xml version = '1.0' encoding = 'UTF-8'?>
<Relation class="oracle.dbtools.crest.model.design.logical.Relation" name="ORDER_HAS_ORDER_LINE" directorySegmentName="seg_0" id="1AC314E4-9856-FE78-50DA-473C85F37858">
<createdBy>KC-G</createdBy>
<createdTime>2019-04-16 04:36:03 UTC</createdTime>
<ownerDesignName>monashDrones</ownerDesignName>
<engineerTo>
<item key="1496FC33-724B-1D7A-3608-030F4B7FFF00" value="true"/>
</engineerTo>
<sourcePk>14D1D962-B3FE-6641-9D5F-1C9E5B015201</sourcePk>
<identifying>true</identifying>
<nameOnSource>has</nameOnSource>
<optionalSource>false</optionalSource>
<optionalTarget>false</optionalTarget>
<sourceCardinality>1</sourceCardinality>
<sourceEntity>1C1F4B2A-62ED-B729-DC80-EB69E523E827</sourceEntity>
<targetCardinalityString>*</targetCardinalityString>
<targetEntity>D8AA1877-630A-2693-4E2C-D518E7FB612A</targetEntity>
<transferable>true</transferable>
<deleteRule>NO ACTION</deleteRule>
</Relation>