<?xml version = '1.0' encoding = 'UTF-8'?>
<Relation class="oracle.dbtools.crest.model.design.logical.Relation" name="DRONE_HAS_LOAN_LINE" directorySegmentName="seg_0" id="45061C45-133D-92A5-BACB-017297C8C66F">
<createdBy>KC-G</createdBy>
<createdTime>2019-04-16 04:30:25 UTC</createdTime>
<ownerDesignName>monashDrones</ownerDesignName>
<engineerTo>
<item key="1496FC33-724B-1D7A-3608-030F4B7FFF00" value="true"/>
</engineerTo>
<sourcePk>43CB8EEB-CE41-2770-32E4-E21A1007BC8E</sourcePk>
<identifying>true</identifying>
<nameOnSource>has</nameOnSource>
<optionalSource>false</optionalSource>
<optionalTarget>false</optionalTarget>
<sourceCardinality>1</sourceCardinality>
<sourceEntity>B6561B4A-C975-6835-C9AD-0C4F7C427446</sourceEntity>
<targetCardinalityString>*</targetCardinalityString>
<targetEntity>54D757D3-45F7-9BE1-40EA-5AADCC35F390</targetEntity>
<transferable>true</transferable>
<deleteRule>NO ACTION</deleteRule>
</Relation>