<?xml version = '1.0' encoding = 'UTF-8'?>
<Relation class="oracle.dbtools.crest.model.design.logical.Relation" name="CUSTOMER_MAKES_ORDER" directorySegmentName="seg_0" id="5D11A3D9-F1E0-64BF-D767-B7D34EE440D8">
<createdBy>KC-G</createdBy>
<createdTime>2019-04-16 04:22:59 UTC</createdTime>
<ownerDesignName>monashDrones</ownerDesignName>
<engineerTo>
<item key="1496FC33-724B-1D7A-3608-030F4B7FFF00" value="true"/>
</engineerTo>
<sourcePk>DECC74F1-60F2-A9F1-0675-3CE556AFC346</sourcePk>
<identifying>false</identifying>
<nameOnSource>makes</nameOnSource>
<optionalSource>true</optionalSource>
<optionalTarget>false</optionalTarget>
<sourceCardinality>1</sourceCardinality>
<sourceEntity>A9DC5EEE-F9E7-4561-1AB4-02ABF1756046</sourceEntity>
<targetCardinalityString>*</targetCardinalityString>
<targetEntity>1C1F4B2A-62ED-B729-DC80-EB69E523E827</targetEntity>
<transferable>true</transferable>
<deleteRule>NO ACTION</deleteRule>
</Relation>