<?xml version = '1.0' encoding = 'UTF-8'?>
<Relation class="oracle.dbtools.crest.model.design.logical.Relation" name="EMPLOYEE_CARRIES_OUT_TRAINING" directorySegmentName="seg_0" id="6301B988-4321-5329-C11F-C6C05C6377D1">
<createdBy>KC-G</createdBy>
<createdTime>2019-04-16 04:16:53 UTC</createdTime>
<ownerDesignName>monashDrones</ownerDesignName>
<engineerTo>
<item key="1496FC33-724B-1D7A-3608-030F4B7FFF00" value="true"/>
</engineerTo>
<sourcePk>8093E117-DCB1-348F-C205-DD4932AD63CD</sourcePk>
<identifying>false</identifying>
<nameOnSource>carries out</nameOnSource>
<optionalSource>true</optionalSource>
<optionalTarget>false</optionalTarget>
<sourceCardinality>1</sourceCardinality>
<sourceEntity>C7AE91AA-E4DC-7F09-DC77-475B5AAA863C</sourceEntity>
<targetCardinalityString>*</targetCardinalityString>
<targetEntity>6A34C3E3-3C1F-BC7E-5E12-AF5EAF64F82C</targetEntity>
<transferable>true</transferable>
<deleteRule>NO ACTION</deleteRule>
</Relation>