<?xml version = '1.0' encoding = 'UTF-8'?>
<Relation class="oracle.dbtools.crest.model.design.logical.Relation" name="CUSTOMER_MAKES_LOAN" directorySegmentName="seg_0" id="719618B9-8866-2718-3924-7DC1B9FBAF4A">
<createdBy>KC-G</createdBy>
<createdTime>2019-04-16 04:27:52 UTC</createdTime>
<ownerDesignName>monashDrones</ownerDesignName>
<engineerTo>
<item key="1496FC33-724B-1D7A-3608-030F4B7FFF00" value="true"/>
</engineerTo>
<sourcePk>DECC74F1-60F2-A9F1-0675-3CE556AFC346</sourcePk>
<identifying>false</identifying>
<nameOnSource>makes</nameOnSource>
<optionalSource>true</optionalSource>
<optionalTarget>false</optionalTarget>
<sourceCardinality>1</sourceCardinality>
<sourceEntity>A9DC5EEE-F9E7-4561-1AB4-02ABF1756046</sourceEntity>
<targetCardinalityString>*</targetCardinalityString>
<targetEntity>D5C91993-89D0-2593-C7EC-C21652E74900</targetEntity>
<transferable>true</transferable>
<deleteRule>NO ACTION</deleteRule>
</Relation>