<?xml version = '1.0' encoding = 'UTF-8'?>
<Relation class="oracle.dbtools.crest.model.design.logical.Relation" name="LOAN_HAS_LOAN_LINE" directorySegmentName="seg_0" id="AB1706E8-FECA-F5B2-DE24-31B805B7BDE6">
<createdBy>KC-G</createdBy>
<createdTime>2019-04-16 04:29:19 UTC</createdTime>
<ownerDesignName>monashDrones</ownerDesignName>
<engineerTo>
<item key="1496FC33-724B-1D7A-3608-030F4B7FFF00" value="true"/>
</engineerTo>
<sourcePk>B2C2453D-3DC0-8AD7-E4ED-EE7B9322E726</sourcePk>
<identifying>true</identifying>
<nameOnSource>has</nameOnSource>
<optionalSource>false</optionalSource>
<optionalTarget>false</optionalTarget>
<sourceCardinality>1</sourceCardinality>
<sourceEntity>D5C91993-89D0-2593-C7EC-C21652E74900</sourceEntity>
<targetCardinalityString>*</targetCardinalityString>
<targetEntity>54D757D3-45F7-9BE1-40EA-5AADCC35F390</targetEntity>
<transferable>true</transferable>
<deleteRule>NO ACTION</deleteRule>
</Relation>