<?xml version = '1.0' encoding = 'UTF-8'?>
<Relation class="oracle.dbtools.crest.model.design.logical.Relation" name="ORDER_HAS_PAYMENT_INSTALMENT" directorySegmentName="seg_0" id="AC266D84-E550-9013-5095-EACE2B410FD1">
<createdBy>KC-G</createdBy>
<createdTime>2019-04-16 04:37:12 UTC</createdTime>
<ownerDesignName>monashDrones</ownerDesignName>
<engineerTo>
<item key="1496FC33-724B-1D7A-3608-030F4B7FFF00" value="true"/>
</engineerTo>
<sourcePk>14D1D962-B3FE-6641-9D5F-1C9E5B015201</sourcePk>
<identifying>false</identifying>
<nameOnSource>has</nameOnSource>
<optionalSource>false</optionalSource>
<optionalTarget>true</optionalTarget>
<sourceCardinality>1</sourceCardinality>
<sourceEntity>1C1F4B2A-62ED-B729-DC80-EB69E523E827</sourceEntity>
<targetCardinalityString>*</targetCardinalityString>
<targetEntity>89AAC5B4-6F7F-959F-C7CF-0A56108FDF53</targetEntity>
<transferable>true</transferable>
<deleteRule>NO ACTION</deleteRule>
</Relation>