<?xml version = '1.0' encoding = 'UTF-8'?>
<Relation class="oracle.dbtools.crest.model.design.logical.Relation" name="DRONE_HAS_ORDER_LINE" directorySegmentName="seg_0" id="B7E03708-C80D-E6FB-A7E5-19CFAD16743D">
<createdBy>KC-G</createdBy>
<createdTime>2019-04-16 04:35:36 UTC</createdTime>
<ownerDesignName>monashDrones</ownerDesignName>
<engineerTo>
<item key="1496FC33-724B-1D7A-3608-030F4B7FFF00" value="true"/>
</engineerTo>
<sourcePk>43CB8EEB-CE41-2770-32E4-E21A1007BC8E</sourcePk>
<identifying>true</identifying>
<nameOnSource>has</nameOnSource>
<optionalSource>false</optionalSource>
<optionalTarget>false</optionalTarget>
<sourceCardinality>1</sourceCardinality>
<sourceEntity>AB2F2268-6CFB-819E-B358-BB252103DDB9</sourceEntity>
<targetCardinalityString>*</targetCardinalityString>
<targetEntity>D8AA1877-630A-2693-4E2C-D518E7FB612A</targetEntity>
<transferable>true</transferable>
<deleteRule>NO ACTION</deleteRule>
</Relation>