<?xml version = '1.0' encoding = 'UTF-8'?>
<Relation class="oracle.dbtools.crest.model.design.logical.Relation" name="DRONE_USED_FOR_TRAINING" directorySegmentName="seg_0" id="BBBC012E-797A-6DFE-D38B-B39BF30FFE42">
<createdBy>KC-G</createdBy>
<createdTime>2019-04-16 04:16:34 UTC</createdTime>
<ownerDesignName>monashDrones</ownerDesignName>
<engineerTo>
<item key="1496FC33-724B-1D7A-3608-030F4B7FFF00" value="true"/>
</engineerTo>
<sourcePk>43CB8EEB-CE41-2770-32E4-E21A1007BC8E</sourcePk>
<identifying>false</identifying>
<nameOnSource>used for</nameOnSource>
<optionalSource>true</optionalSource>
<optionalTarget>false</optionalTarget>
<sourceCardinality>1</sourceCardinality>
<sourceEntity>35A11993-304E-D239-C6D5-D3883C30EBD9</sourceEntity>
<targetCardinalityString>*</targetCardinalityString>
<targetEntity>6A34C3E3-3C1F-BC7E-5E12-AF5EAF64F82C</targetEntity>
<transferable>true</transferable>
<deleteRule>NO ACTION</deleteRule>
</Relation>