<?xml version = '1.0' encoding = 'UTF-8'?>
<Relation class="oracle.dbtools.crest.model.design.logical.Relation" name="SUPPLIER_SUPPLIES_DRONE" directorySegmentName="seg_0" id="C3299A63-4FCA-4E8E-6E9A-3895C1E2E070">
<createdBy>KC-G</createdBy>
<createdTime>2019-04-16 04:12:29 UTC</createdTime>
<ownerDesignName>monashDrones</ownerDesignName>
<engineerTo>
<item key="1496FC33-724B-1D7A-3608-030F4B7FFF00" value="true"/>
</engineerTo>
<sourcePk>0405CD0D-3BB5-8269-9175-E598BC631E37</sourcePk>
<identifying>false</identifying>
<nameOnSource>supplies</nameOnSource>
<optionalSource>false</optionalSource>
<optionalTarget>false</optionalTarget>
<sourceCardinality>1</sourceCardinality>
<sourceEntity>2B6A6414-4579-F3EB-C1F0-722F5DE6AA0F</sourceEntity>
<targetCardinalityString>*</targetCardinalityString>
<targetEntity>35A11993-304E-D239-C6D5-D3883C30EBD9</targetEntity>
<transferable>true</transferable>
<deleteRule>NO ACTION</deleteRule>
</Relation>