<?xml version = '1.0' encoding = 'UTF-8'?>
<Relation class="oracle.dbtools.crest.model.design.logical.Relation" name="LOAN_HAS_PAYMENT_INSTAMENT" directorySegmentName="seg_0" id="F54D2684-B693-3E46-2142-9172EDB90B8D">
<createdBy>HP</createdBy>
<createdTime>2019-04-25 02:09:50 UTC</createdTime>
<ownerDesignName>monashDrones</ownerDesignName>
<engineerTo>
<item key="1496FC33-724B-1D7A-3608-030F4B7FFF00" value="true"/>
</engineerTo>
<sourcePk>B2C2453D-3DC0-8AD7-E4ED-EE7B9322E726</sourcePk>
<identifying>false</identifying>
<nameOnSource>has</nameOnSource>
<optionalSource>false</optionalSource>
<optionalTarget>true</optionalTarget>
<sourceCardinality>1</sourceCardinality>
<sourceEntity>D5C91993-89D0-2593-C7EC-C21652E74900</sourceEntity>
<targetCardinalityString>*</targetCardinalityString>
<targetEntity>89AAC5B4-6F7F-959F-C7CF-0A56108FDF53</targetEntity>
<transferable>true</transferable>
<deleteRule>NO ACTION</deleteRule>
</Relation>